{
	"property":
	{
		"id":3109,
		"life":200,
		"drop_exp":15,
		"armor_punch":0,
		"armor_range":0,
		"armor_explode":8,
		"view_distance":16,
		"spawn_maxlight":7,
		"spawn_sunlight":0,
		"spawn_min_height":1,
		"spawn_max_height":255,
		"pack_number":1,
		"model_scale":1,
		"path_hide":1,
	},

	"set_ai":
	[
		{"name":"swimming", "priority":0},
		{"name":"creeper_swell", "priority":2}, 
		{"name":"attack", "priority":4, "attack_type":0, "will_trace":false, "move_speed":1.0},
		{"name":"wander", "priority":5, "speed":0.8},
		{"name":"watch_closest", "priority":6, "dist":800},
		{"name":"look_idle", "priority":6},
		{"name":"target_nearest", "priority":1, "chance":0, "check_sight":false, "brightness":0},
		{"name":"target_hurtee", "priority":2, "help":false },
	]
}