{
	"property":
	{
		"id":3400,
		"life":30,
		"drop_exp":2,
		"attack":5,
		"attack_distance":2,
		"armor_punch":0,
		"armor_range":0,
		"armor_explode":0,
		"view_distance":8,
		"spawn_maxlight":15,
		"spawn_sunlight":8,
		"spawn_min_height":1,
		"spawn_max_height":255,
		"pack_number":3,
		"model_scale":1,
		"avoid_water":true,
		"can_fly":true,
		"texture":"chicken_crazy",
	},

	"set_ai":
	[
		{"name":"swimming","priority":0},
		{"name":"mate","priority":2,"speed":1.0},
		{"name":"attack", "priority":2, "attack_type":0, "will_trace":false, "move_speed":1.5},
		{"name":"follow_parent","priority":4, "speed":1.1},
		{"name":"wander","priority":5,"speed":1},
		{"name":"watch_closest","priority":8,"dist":600},
		{"name":"look_idle","priority":7},
		{"name":"target_nearest", "priority":2, "chance":0, "check_sight":true, "brightness":0},
		{"name":"target_hurtee", "priority":1, "help":true },
	]
}