{
	"property":
	{
		"id":3102,
		"life":250,
		"drop_exp":50,
		"attack":50,
		"attack_distance":2,
		"armor_punch":4,
		"armor_range":4,
		"armor_explode":4,
		"view_distance":5,
		"spawn_maxlight":15,
		"spawn_sunlight":0,
		"spawn_min_height":1,
		"spawn_max_height":255,
		"pack_number":1,
		"model_scale":1,
		"avoid_water":true,
		"interaction_function":"littlewildman_Interact",
	},

	"set_ai":
	[
		{"name":"swimming","priority":0},
		{"name":"attack", "priority":2, "attack_type":0, "will_trace":true, "move_speed":2.0},
		{"name":"wander","priority":5,"speed":1},
		{"name":"watch_closest","priority":8,"dist":600},
		{"name":"panic","priority":1, "speed":3.25, "maxhp":0.3},
		{"name":"look_idle","priority":7},
		{"name":"target_nearest", "priority":2, "chance":0, "check_sight":true, "brightness":0},
		{"name":"target_hurtee", "priority":1, "help":false },
	]
}