{
	"property":
	{
		"new_id":3,
		"copyid":3102,
		"name":"野萌宝驯服",
		"english_name":"LittleWildman_tamed",
		"life":250,
		"drop_exp":50,
		"attack":50,
		"attack_distance":2,
		"armor_punch":4,
		"armor_range":4,
		"armor_explode":4,
		"view_distance":5,
		"spawn_maxlight":15,
		"spawn_sunlight":0,
		"spawn_min_height":1,
		"spawn_max_height":255,
		"pack_number":1,
		"model_scale":1,
		"type":1,
		"avoid_water":true,
		"has_avatar":true,
		"interaction_function":"littlewildman_tamed_Interact",
		"icon":13102,
	},

	"set_ai":
	[
		{"name":"swimming","priority":0},
		{"name":"sit", "priority":2},
		{"name":"attack", "priority":2, "attack_type":0, "will_trace":true, "move_speed":2.0},
		{"name":"watch_closest","priority":8,"dist":600},
		{"name":"look_idle","priority":7},
		{"name":"target_hurtee", "priority":1, "help":false },
		{"name":"target_onwner_hurtee", "priority":1},
		{"name":"target_onwner_hurter", "priority":2},
		{"name":"follow_owner", "priority":5, "speed":2.0, "max_dist":1000, "min_dist":200}, 
	]
}