{
	"property":
	{
		"new_id":2,
		"copyid":3105,
		"name":"猎手驯服",
		"english_name":"WildmanHunter_tamed",
		"life":150,
		"drop_exp":15,
		"attack":25,
		"attack_distance":11,
		"armor_punch":0,
		"armor_range":0,
		"armor_explode":0,
		"view_distance":16,
		"spawn_maxlight":7,
		"spawn_sunlight":0,
		"spawn_min_height":0,
		"spawn_max_height":255,
		"pack_number":2,
		"model_scale":1,
		"type":1,
		"has_avatar":true,
		"interaction_function":"wildmanhunter_tamed_Interact",
		"icon":13105,
	},

	"set_ai":
	[
		{"name":"swimming", "priority":1},
		{"name":"sit", "priority":2},
		{"name":"arrow_attack", "priority":4, "speed":1.0, "min_atktime":80, "max_atktime":60, "atkrange":1500},
		{"name":"wander", "priority":5, "speed":1},
		{"name":"watch_closest", "priority":6, "dist":800},
		{"name":"look_idle", "priority":6},
		{"name":"target_hurtee", "priority":1, "help":false },
		{"name":"follow_owner", "priority":5, "speed":2.0, "max_dist":1000, "min_dist":200}, 
		{"name":"target_onwner_hurtee", "priority":1},
		{"name":"target_onwner_hurter", "priority":2},
	]
}