{
	"property":
	{
		"id":3105,
		"life":150,
		"drop_exp":15,
		"attack":20,
		"attack_distance":11,
		"armor_punch":0,
		"armor_range":0,
		"armor_explode":0,
		"view_distance":16,
		"spawn_maxlight":7,
		"spawn_sunlight":0,
		"spawn_min_height":0,
		"spawn_max_height":255,
		"pack_number":2,
		"model_scale":1,
		"sun_hurt":true,
		"interaction_function":"wildmanhunter_Interact",
	},

	"set_ai":
	[
		{"name":"swimming", "priority":0},
		{"name":"arrow_attack", "priority":5, "speed":1.0, "min_atktime":80, "max_atktime":60, "atkrange":1500},
		{"name":"restrict_sun","priority":2},
		{"name":"flee_sun", "priority":3, "speed":1},
		{"name":"panic", "priority":1, "speed":2.0, "maxhp":0.3},
		{"name":"wander", "priority":6, "speed":1},
		{"name":"watch_closest", "priority":7, "dist":800},
		{"name":"look_idle", "priority":8},
		{"name":"target_hurtee", "priority":1, "help":false },
		{"name":"target_nearest", "priority":2, "chance":0, "check_sight":true, "brightness":0},
	]
}