{
	"property":
	{
		"new_id":1,
		"copyid":3101,
		"name":"野人驯服",
		"english_name":"Wildman_tamed",
		"life":200,
		"attack":40,
		"attack_distance":3,
		"armor_punch":2,
		"armor_range":2,
		"armor_explode":2,
		"view_distance":32,
		"spawn_maxlight":7,
		"spawn_sunlight":0,
		"spawn_min_height":1,
		"spawn_max_height":255,
		"pack_number":1,
		"model_scale":1,
		"type":1,
		"has_avatar":true,
		"pass_closed_door":true,
		"interaction_function":"wildman_tamed_Interact",
		"icon":13101,
	},

	"set_ai":
	[
		{"name":"swimming", "priority":0},
		{"name":"sit", "priority":2},
		{"name":"attack", "priority":2, "attack_type":0, "will_trace":false, "move_speed":2.0},
		{"name":"follow_owner", "priority":5, "speed":2.0, "max_dist":1000, "min_dist":200}, 
		{"name":"wander", "priority":7, "speed":1},
		{"name":"watch_closest", "priority":8, "dist":800},
		{"name":"look_idle", "priority":9},
		{"name":"target_hurtee", "priority":3, "help":true },
		{"name":"target_onwner_hurtee", "priority":1},
		{"name":"target_onwner_hurter", "priority":2},
	]
}