{
	"foreign_ids": [
	],
	"mod_desc": {
		"author": "204626759",
		"filename": "BoomEgg",
		"uuid": "667f325c-1ff1-11e7-93ae-92361f002671",
		"version": "1" 
	},
	"property": {
		"attack": 5,
		"attack_distance": 3,
		"attack_type": 2,
		"buff_id": 0,
		"desc": "",
		"drop_exp": 17,
		"drop_exp_prob": 100,
		"drop_item1": 11202,
		"drop_item2": 11200,
		"drop_item3": 236,
		"drop_item_prob1": 100,
		"drop_item_prob2": 100,
		"drop_item_prob3": 100,
		"height": 160,
		"hit_height": 190,
		"hit_thickness": 110,
		"hit_width": 110,
		"icon": "3109",
		"id": 3109,
		"life": 108,
		"model": "110033",
		"model_scale": 1,
		"speed": 280,
		"team_id": 0,
		"type": 0,
		"view_distance": 16,
		"width": 95 
	},
	"set_ai": [
		{
			"name": "follow_direction",
			"priority": 1,
			"speed": 1.1 
		},
		{
			"name": "wander",
			"priority": 5,
			"speed": 0.8 
		},
		{
			"name": "look_idle",
			"priority": 6 
		},
		{
			"name": "swimming",
			"priority": 1 
		},
		{
			"name": "boom_atk",
			"priority": 2 
		},
		{
			"brightness": 0,
			"chance": 0,
			"check_sight": true,
			"minhp": 0,
			"name": "target_nearest",
			"priority": 2 
		},
		{
			"name": "invulnerable_prob",
			"prob": 3 
		},
		{
			"name": "path_hide",
			"type": 1 
		},
		{
			"dist": 800,
			"name": "watch_closest",
			"priority": 6 
		},
		{
			"block_id": 834,
			"name": "love_block",
			"priority": 1,
			"prob": 1,
			"speed": 1 
		} 
	] 
} 
