{
	"foreign_ids": [
	],
	"mod_desc": {
		"author": "204626759",
		"filename": "Chicken",
		"uuid": "667f325c-1ff1-11e7-93ae-92361f002671",
		"version": "1" 
	},
	"property": {
		"attack": 8,
		"attack_distance": 1.6,
		"attack_type": 0,
		"buff_id": 0,
		"desc": "",
		"drop_exp": 1,
		"drop_exp_prob": 100,
		"drop_item1": 12518,
		"drop_item2": 11303,
		"drop_item3": 0,
		"drop_item_prob1": 100,
		"drop_item_prob2": 100,
		"drop_item_prob3": 0,
		"height": 80,
		"hit_height": 80,
		"hit_thickness": 80,
		"hit_width": 80,
		"icon": "3400",
		"id": 3400,
		"life": 36,
		"model": "110003",
		"model_scale": 0.9,
		"speed": 300,
		"team_id": 0,
		"type": 1,
		"view_distance": 16,
		"width": 60 
	},
	"set_ai": [
		{
			"name": "follow_direction",
			"priority": 1,
			"speed": 1.1 
		},
		{
			"name": "follow_parent",
			"priority": 4,
			"speed": 1.1 
		},
		{
			"hatch_blockid": 1019,
			"max_ticks": 200,
			"name": "hatch",
			"priority": 5 
		},
		{
			"feed_block": 1020,
			"max_ticks": 40,
			"name": "eat_feed_block",
			"priority": 6 
		},
		{
			"block_id": 1019,
			"egg_id": 12052,
			"name": "lay_egg_in_nest",
			"nestgen": 3000,
			"priority": 7 
		},
		{
			"name": "wander",
			"priority": 8,
			"speed": 1 
		},
		{
			"name": "look_idle",
			"priority": 10 
		},
		{
			"name": "swimming",
			"priority": 1 
		},
		{
			"name": "can_fly" 
		},
		{
			"attack_type": 0,
			"move_speed": 1,
			"name": "attack",
			"priority": 2,
			"will_trace": false 
		},
		{
			"help": false,
			"name": "target_hurtee",
			"priority": 2 
		},
		{
			"id": 1020,
			"name": "tempt",
			"priority": 3,
			"scared": false,
			"speed": 1 
		},
		{
			"dist": 600,
			"name": "watch_closest",
			"priority": 9 
		} 
	] 
} 
