{
	"foreign_ids": [
	],
	"mod_desc": {
		"author": "204626759",
		"filename": "Dog",
		"uuid": "667f325c-1ff1-11e7-93ae-92361f002671",
		"version": "1" 
	},
	"property": {
		"attack": 20,
		"attack_distance": 1.6,
		"attack_type": 0,
		"buff_id": 0,
		"desc": "",
		"drop_exp": 0,
		"drop_exp_prob": 0,
		"drop_item1": 11307,
		"drop_item2": 11307,
		"drop_item3": 0,
		"drop_item_prob1": 100,
		"drop_item_prob2": 100,
		"drop_item_prob3": 0,
		"height": 90,
		"hit_height": 100,
		"hit_thickness": 90,
		"hit_width": 90,
		"icon": "3408",
		"id": 3408,
		"life": 125,
		"model": "110010",
		"model_scale": 1,
		"speed": 300,
		"team_id": 0,
		"type": 1,
		"view_distance": 16,
		"width": 70 
	},
	"set_ai": [
		{
			"name": "topple_over",
			"priority": 0 
		},
		{
			"name": "sitby_item",
			"priority": 0,
			"speed": 2 
		},
		{
			"name": "follow_direction",
			"priority": 1,
			"speed": 1.1 
		},
		{
			"max_dist": 1000,
			"min_dist": 200,
			"name": "follow_owner",
			"priority": 5,
			"speed": 2 
		},
		{
			"name": "mate",
			"priority": 6,
			"speed": 1 
		},
		{
			"name": "wander",
			"priority": 7,
			"speed": 1 
		},
		{
			"name": "look_idle",
			"priority": 9 
		},
		{
			"name": "target_onwner_hurtee",
			"priority": 1 
		},
		{
			"name": "target_onwner_hurter",
			"priority": 2 
		},
		{
			"name": "swimming",
			"priority": 1 
		},
		{
			"name": "avoid_water" 
		},
		{
			"attack_type": 0,
			"move_speed": 1,
			"name": "attack",
			"priority": 2,
			"will_trace": false 
		},
		{
			"help": false,
			"name": "target_hurtee",
			"priority": 2 
		},
		{
			"max_range": 600,
			"min_range": 100,
			"motion_y": 40,
			"name": "leap_at_target",
			"priority": 2 
		},
		{
			"dist": 800,
			"id": 11302,
			"name": "beg",
			"priority": 8 
		},
		{
			"dist": 600,
			"name": "watch_closest",
			"priority": 9 
		} 
	] 
} 
