{
	"foreign_ids": [
	],
	"mod_desc": {
		"author": "204626759",
		"filename": "Penguin",
		"uuid": "667f325c-1ff1-11e7-93ae-92361f002671",
		"version": "1" 
	},
	"property": {
		"attack": 1,
		"attack_distance": 1,
		"buff_id": 0,
		"desc": "",
		"drop_exp": 1,
		"drop_exp_prob": 100,
		"drop_item1": 12524,
		"drop_item2": 12524,
		"drop_item3": 0,
		"drop_item_prob1": 100,
		"drop_item_prob2": 100,
		"drop_item_prob3": 0,
		"height": 80,
		"hit_height": 100,
		"hit_thickness": 80,
		"hit_width": 80,
		"icon": "3409",
		"id": 3409,
		"life": 50,
		"model": "110022",
		"model_scale": 1,
		"speed": 230,
		"team_id": 0,
		"type": 1,
		"view_distance": 16,
		"width": 60 
	},
	"set_ai": [
		{
			"name": "follow_direction",
			"priority": 2,
			"speed": 1.1 
		},
		{
			"name": "mate",
			"priority": 3,
			"speed": 1 
		},
		{
			"name": "follow_parent",
			"priority": 5,
			"speed": 1.1 
		},
		{
			"item1": 12053,
			"lay_prob": 6000,
			"lay_sound": "",
			"name": "lay_eggs",
			"priority": 6 
		},
		{
			"name": "wander",
			"priority": 7,
			"speed": 1 
		},
		{
			"name": "look_idle",
			"priority": 9 
		},
		{
			"name": "swimming",
			"priority": 1 
		},
		{
			"name": "can_fly" 
		},
		{
			"cd_time": 2000,
			"dance_time": 200,
			"dist": 30,
			"name": "closest_dance",
			"number": 3,
			"priority": 0,
			"speed": 2,
			"width": 2 
		},
		{
			"name": "panic",
			"priority": 2,
			"speed": 1.3999999761581 
		},
		{
			"id": 11400,
			"name": "tempt",
			"priority": 4,
			"scared": false,
			"speed": 1 
		},
		{
			"dist": 600,
			"name": "watch_closest",
			"priority": 8 
		} 
	] 
} 
