{
	"foreign_ids": [
	],
	"mod_desc": {
		"author": "204626759",
		"filename": "Pig",
		"uuid": "667f325c-1ff1-11e7-93ae-92361f002671",
		"version": "1" 
	},
	"property": {
		"attack": 1,
		"attack_distance": 1,
		"buff_id": 0,
		"desc": "",
		"drop_exp": 1,
		"drop_exp_prob": 100,
		"drop_item1": 12522,
		"drop_item2": 12522,
		"drop_item3": 0,
		"drop_item_prob1": 100,
		"drop_item_prob2": 100,
		"drop_item_prob3": 0,
		"height": 95,
		"hit_height": 120,
		"hit_thickness": 120,
		"hit_width": 120,
		"icon": "3402",
		"id": 3402,
		"life": 72,
		"model": "110002",
		"model_scale": 1,
		"speed": 300,
		"team_id": 0,
		"type": 1,
		"view_distance": 16,
		"width": 80 
	},
	"set_ai": [
		{
			"name": "follow_direction",
			"priority": 1,
			"speed": 1.1 
		},
		{
			"name": "mate",
			"priority": 3,
			"speed": 1 
		},
		{
			"name": "follow_parent",
			"priority": 6,
			"speed": 1.1 
		},
		{
			"name": "wander",
			"priority": 7,
			"speed": 1 
		},
		{
			"name": "look_idle",
			"priority": 9 
		},
		{
			"name": "swimming",
			"priority": 1 
		},
		{
			"name": "avoid_water" 
		},
		{
			"name": "panic",
			"priority": 2,
			"speed": 1.25 
		},
		{
			"id": 12577,
			"name": "tempt",
			"priority": 4,
			"scared": false,
			"speed": 1.2 
		},
		{
			"name": "sleep",
			"period": 1000,
			"priority": 5,
			"sleep_ticks": 1200 
		},
		{
			"dist": 600,
			"name": "watch_closest",
			"priority": 8 
		} 
	] 
} 
