{
	"foreign_ids": [
	],
	"mod_desc": {
		"author": "204626759",
		"filename": "Savage",
		"uuid": "667f325c-1ff1-11e7-93ae-92361f002671",
		"version": "1" 
	},
	"property": {
		"attack": 30,
		"attack_distance": 1.6,
		"attack_type": 0,
		"buff_id": 8001,
		"desc": "",
		"drop_exp": 13,
		"drop_exp_prob": 100,
		"drop_item1": 12526,
		"drop_item2": 312,
		"drop_item3": 0,
		"drop_item_prob1": 100,
		"drop_item_prob2": 100,
		"drop_item_prob3": 0,
		"height": 195,
		"hit_height": 220,
		"hit_thickness": 110,
		"hit_width": 110,
		"icon": "3101",
		"id": 3101,
		"life": 120,
		"model": "100026",
		"model_scale": 1,
		"speed": 250,
		"team_id": 0,
		"type": 0,
		"view_distance": 24,
		"width": 95 
	},
	"set_ai": [
		{
			"dist": 3000,
			"monster_id": 3407,
			"name": "ride",
			"priority": 0 
		},
		{
			"name": "follow_direction",
			"priority": 1,
			"speed": 1.1 
		},
		{
			"name": "break_door",
			"priority": 1 
		},
		{
			"name": "move_towards_restriction",
			"priority": 4,
			"speed": 1 
		},
		{
			"name": "wander",
			"priority": 6,
			"speed": 1 
		},
		{
			"name": "look_idle",
			"priority": 7 
		},
		{
			"name": "swimming",
			"priority": 1 
		},
		{
			"name": "can_pass_closed_wooden_doors" 
		},
		{
			"attack_type": 0,
			"move_speed": 1,
			"name": "attack",
			"priority": 2,
			"will_trace": false 
		},
		{
			"brightness": 0,
			"chance": 0,
			"check_sight": true,
			"minhp": 0,
			"name": "target_nearest",
			"priority": 2 
		},
		{
			"maxhp": 0.0001,
			"name": "panic",
			"priority": 1,
			"speed": 3.25 
		},
		{
			"force": 100,
			"monster_id": 3109,
			"name": "kick_away",
			"priority": 3,
			"prob": 200 
		},
		{
			"dist": 800,
			"name": "watch_closest",
			"priority": 7 
		} 
	] 
} 
