{
	"foreign_ids": [
	],
	"mod_desc": {
		"author": "204626759",
		"filename": "SpearGoblin",
		"uuid": "667f325c-1ff1-11e7-93ae-92361f002671",
		"version": "1" 
	},
	"property": {
		"attack": 30,
		"attack_distance": 11,
		"attack_type": 1,
		"buff_id": 0,
		"desc": "",
		"drop_exp": 13,
		"drop_exp_prob": 100,
		"drop_item1": 12282,
		"drop_item2": 710,
		"drop_item3": 0,
		"drop_item_prob1": 100,
		"drop_item_prob2": 100,
		"drop_item_prob3": 0,
		"height": 195,
		"hit_height": 220,
		"hit_thickness": 110,
		"hit_width": 110,
		"icon": "3105",
		"id": 3105,
		"life": 108,
		"model": "100028",
		"model_scale": 1,
		"speed": 300,
		"team_id": 0,
		"type": 0,
		"view_distance": 16,
		"width": 95 
	},
	"set_ai": [
		{
			"name": "follow_direction",
			"priority": 1,
			"speed": 1.1 
		},
		{
			"name": "wander",
			"priority": 5,
			"speed": 1 
		},
		{
			"name": "look_idle",
			"priority": 6 
		},
		{
			"block_id": 817,
			"name": "get_special_attack_attr",
			"priority": 6,
			"prob": 20,
			"speed": 1 
		},
		{
			"name": "flee_sun",
			"priority": 3,
			"speed": 1 
		},
		{
			"name": "restrict_sun",
			"priority": 2 
		},
		{
			"name": "swimming",
			"priority": 1 
		},
		{
			"atkrange": 1500,
			"buffid": 0,
			"count": 1,
			"max_atktime": 60,
			"min_atktime": 20,
			"name": "projectile_attack",
			"power": 0.8,
			"priority": 2,
			"projectileid": 15050,
			"speed": 1 
		},
		{
			"brightness": 0,
			"chance": 0,
			"check_sight": true,
			"minhp": 0,
			"name": "target_nearest",
			"priority": 2 
		},
		{
			"atkeeid": 3121,
			"chance": 20,
			"name": "target_specific_entity",
			"priority": 2 
		},
		{
			"maxhp": 0.0001,
			"name": "panic",
			"priority": 1,
			"speed": 3.25 
		},
		{
			"dist": 800,
			"name": "watch_closest",
			"priority": 6 
		} 
	] 
} 
