{
	"foreign_ids": [
	],
	"mod_desc": {
		"author": "204626759",
		"filename": "SulfurArcher",
		"uuid": "667f325c-1ff1-11e7-93ae-92361f002671",
		"version": "1" 
	},
	"property": {
		"attack": 36,
		"attack_distance": 11,
		"attack_type": 1,
		"buff_id": 100001,
		"desc": "",
		"drop_exp": 21,
		"drop_exp_prob": 100,
		"drop_item1": 11201,
		"drop_item2": 11211,
		"drop_item3": 307,
		"drop_item_prob1": 100,
		"drop_item_prob2": 100,
		"drop_item_prob3": 100,
		"height": 180,
		"hit_height": 220,
		"hit_thickness": 120,
		"hit_width": 120,
		"icon": "3131",
		"id": 3131,
		"life": 180,
		"model": "100003",
		"model_scale": 1,
		"speed": 250,
		"team_id": 0,
		"type": 0,
		"view_distance": 24,
		"width": 80 
	},
	"set_ai": [
		{
			"name": "follow_direction",
			"priority": 1,
			"speed": 1.1 
		},
		{
			"name": "wander",
			"priority": 5,
			"speed": 1 
		},
		{
			"name": "look_idle",
			"priority": 6 
		},
		{
			"name": "flee_sun",
			"priority": 3,
			"speed": 1 
		},
		{
			"name": "restrict_sun",
			"priority": 2 
		},
		{
			"name": "swimming",
			"priority": 1 
		},
		{
			"atkrange": 1500,
			"buffid": 0,
			"count": 1,
			"max_atktime": 60,
			"min_atktime": 20,
			"name": "projectile_attack",
			"power": 0.8,
			"priority": 2,
			"projectileid": 15051,
			"speed": 1 
		},
		{
			"brightness": 0,
			"chance": 0,
			"check_sight": true,
			"minhp": 0,
			"name": "target_nearest",
			"priority": 2 
		},
		{
			"name": "immune_fire",
			"type": 2 
		},
		{
			"dist": 800,
			"name": "watch_closest",
			"priority": 6 
		},
		{
			"atkeeid": 3121,
			"chance": 10,
			"name": "target_specific_entity",
			"priority": 2 
		} 
	] 
} 
