{
	"foreign_ids": [
	],
	"mod_desc": {
		"author": "204626759",
		"filename": "WildOstrich",
		"uuid": "667f325c-1ff1-11e7-93ae-92361f002671",
		"version": "1" 
	},
	"property": {
		"attack": 15,
		"attack_distance": 1.6,
		"attack_type": 0,
		"buff_id": 0,
		"desc": "",
		"drop_exp": 5,
		"drop_exp_prob": 100,
		"drop_item1": 11303,
		"drop_item2": 11303,
		"drop_item3": 0,
		"drop_item_prob1": 100,
		"drop_item_prob2": 100,
		"drop_item_prob3": 0,
		"height": 280,
		"hit_height": 300,
		"hit_thickness": 300,
		"hit_width": 120,
		"icon": "3411",
		"id": 3411,
		"life": 100,
		"model": "110015",
		"model_scale": 1,
		"speed": 400,
		"team_id": 0,
		"type": 2,
		"view_distance": 16,
		"width": 95 
	},
	"set_ai": [
		{
			"name": "follow_direction",
			"priority": 1,
			"speed": 1.1 
		},
		{
			"name": "wander",
			"priority": 2,
			"prop": 20,
			"speed": 1 
		},
		{
			"name": "look_idle",
			"priority": 3,
			"prop": 20 
		},
		{
			"name": "swimming",
			"priority": 1 
		},
		{
			"name": "avoid_water" 
		},
		{
			"attack_type": 0,
			"move_speed": 1,
			"name": "attack",
			"priority": 2,
			"will_trace": false 
		},
		{
			"help": false,
			"name": "target_hurtee",
			"priority": 2 
		},
		{
			"dist": 600,
			"name": "watch_closest",
			"priority": 4 
		},
		{
			"dist": 600,
			"id": 12508,
			"name": "beg",
			"priority": 7 
		} 
	] 
} 
