{
	"foreign_ids": [
	],
	"mod_desc": {
		"author": "204626759",
		"filename": "WildIcebear",
		"uuid": "667f325c-1ff1-11e7-93ae-92361f002671",
		"version": "1" 
	},
	"property": {
		"attack": 50,
		"attack_distance": 2,
		"attack_type": 0,
		"buff_id": 0,
		"desc": "",
		"drop_exp": 15,
		"drop_exp_prob": 100,
		"drop_item1": 11307,
		"drop_item2": 11307,
		"drop_item3": 0,
		"drop_item_prob1": 100,
		"drop_item_prob2": 100,
		"drop_item_prob3": 0,
		"height": 180,
		"hit_height": 220,
		"hit_thickness": 300,
		"hit_width": 200,
		"icon": "3412",
		"id": 3412,
		"life": 300,
		"model": "110018",
		"model_scale": 1,
		"speed": 300,
		"team_id": 0,
		"type": 1,
		"view_distance": 16,
		"width": 160 
	},
	"set_ai": [
		{
			"name": "follow_direction",
			"priority": 1,
			"speed": 1.1 
		},
		{
			"name": "mate",
			"priority": 2,
			"speed": 0.5 
		},
		{
			"atkeeid": 3409,
			"chance": 200,
			"name": "target_nontamed",
			"priority": 3 
		},
		{
			"name": "wander",
			"priority": 4,
			"prop": 60,
			"speed": 1 
		},
		{
			"name": "look_idle",
			"priority": 5,
			"prop": 60 
		},
		{
			"name": "swimming",
			"priority": 1 
		},
		{
			"name": "avoid_water" 
		},
		{
			"attack_type": 0,
			"move_speed": 1,
			"name": "attack",
			"priority": 2,
			"will_trace": false 
		},
		{
			"help": false,
			"name": "target_hurtee",
			"priority": 2 
		},
		{
			"dist": 600,
			"name": "watch_closest",
			"priority": 6 
		},
		{
			"dist": 600,
			"id": 12524,
			"name": "beg",
			"priority": 7 
		} 
	] 
} 
