{
	"foreign_ids": [
	],
	"mod_desc": {
		"author": "204626759",
		"filename": "WildRaptor",
		"uuid": "667f325c-1ff1-11e7-93ae-92361f002671",
		"version": "1" 
	},
	"property": {
		"attack": 90,
		"attack_distance": 2,
		"attack_type": 0,
		"buff_id": 0,
		"desc": "",
		"drop_exp": 20,
		"drop_exp_prob": 100,
		"drop_item1": 11307,
		"drop_item2": 11307,
		"drop_item3": 0,
		"drop_item_prob1": 100,
		"drop_item_prob2": 100,
		"drop_item_prob3": 0,
		"height": 280,
		"hit_height": 300,
		"hit_thickness": 300,
		"hit_width": 200,
		"icon": "3413",
		"id": 3413,
		"life": 250,
		"model": "110024",
		"model_scale": 1,
		"speed": 400,
		"team_id": 0,
		"type": 1,
		"view_distance": 16,
		"width": 160 
	},
	"set_ai": [
		{
			"name": "follow_direction",
			"priority": 1,
			"speed": 1.1 
		},
		{
			"atkeeid": 3400,
			"chance": 200,
			"name": "target_nontamed",
			"priority": 4 
		},
		{
			"atkeeid": 3401,
			"chance": 200,
			"name": "target_nontamed",
			"priority": 4 
		},
		{
			"atkeeid": 3402,
			"chance": 200,
			"name": "target_nontamed",
			"priority": 4 
		},
		{
			"atkeeid": 3403,
			"chance": 200,
			"name": "target_nontamed",
			"priority": 4 
		},
		{
			"name": "wander",
			"priority": 5,
			"prop": 40,
			"speed": 1 
		},
		{
			"name": "look_idle",
			"priority": 6,
			"prop": 60 
		},
		{
			"name": "swimming",
			"priority": 1 
		},
		{
			"name": "avoid_water" 
		},
		{
			"attack_type": 0,
			"move_speed": 1,
			"name": "attack",
			"priority": 2,
			"will_trace": false 
		},
		{
			"brightness": 0,
			"chance": 0,
			"check_sight": true,
			"minhp": 0,
			"name": "target_nearest",
			"priority": 2 
		},
		{
			"max_range": 600,
			"min_range": 100,
			"motion_y": 40,
			"name": "leap_at_target",
			"priority": 2 
		},
		{
			"dist": 600,
			"name": "watch_closest",
			"priority": 7 
		},
		{
			"dist": 600,
			"id": 12543,
			"name": "beg",
			"priority": 8 
		} 
	] 
} 
