{
	"foreign_ids": [
	],
	"mod_desc": {
		"author": "204626759",
		"filename": "Wolf",
		"uuid": "667f325c-1ff1-11e7-93ae-92361f002671",
		"version": "1" 
	},
	"property": {
		"attack": 12,
		"attack_distance": 1.6,
		"attack_type": 0,
		"buff_id": 0,
		"desc": "",
		"drop_exp": 1,
		"drop_exp_prob": 100,
		"drop_item1": 11307,
		"drop_item2": 11307,
		"drop_item3": 0,
		"drop_item_prob1": 100,
		"drop_item_prob2": 100,
		"drop_item_prob3": 0,
		"height": 90,
		"hit_height": 100,
		"hit_thickness": 90,
		"hit_width": 90,
		"icon": "3407",
		"id": 3407,
		"life": 100,
		"model": "110010",
		"model_scale": 1,
		"speed": 310,
		"team_id": 0,
		"type": 1,
		"view_distance": 16,
		"width": 70 
	},
	"set_ai": [
		{
			"name": "can_ride_by_player" 
		},
		{
			"name": "follow_direction",
			"priority": 1,
			"speed": 1.1 
		},
		{
			"name": "sit",
			"priority": 2 
		},
		{
			"name": "target_onwner_hurtee",
			"priority": 3 
		},
		{
			"name": "target_onwner_hurter",
			"priority": 3 
		},
		{
			"name": "mate",
			"priority": 2,
			"speed": 1 
		},
		{
			"max_dist": 1000,
			"min_dist": 200,
			"name": "follow_owner",
			"priority": 6,
			"speed": 2 
		},
		{
			"atkeeid": 3403,
			"chance": 200,
			"name": "target_nontamed",
			"priority": 8 
		},
		{
			"name": "wander",
			"priority": 9,
			"prop": 60,
			"speed": 1 
		},
		{
			"name": "look_idle",
			"priority": 9,
			"prop": 60 
		},
		{
			"name": "swimming",
			"priority": 1 
		},
		{
			"name": "avoid_water" 
		},
		{
			"attack_type": 0,
			"move_speed": 1,
			"name": "attack",
			"priority": 2,
			"will_trace": false 
		},
		{
			"help": false,
			"name": "target_hurtee",
			"priority": 2 
		},
		{
			"max_range": 600,
			"min_range": 100,
			"motion_y": 40,
			"name": "leap_at_target",
			"priority": 2 
		},
		{
			"check_sight": false,
			"name": "target_following_player",
			"priority": 3,
			"prob": 10,
			"speed": 1 
		},
		{
			"dist": 800,
			"id": 11302,
			"name": "beg",
			"priority": 7 
		},
		{
			"dist": 600,
			"name": "watch_closest",
			"priority": 9 
		} 
	] 
} 
