{
	"name":"动物坐骑233333",
	"en_name":"Animal Mount",
	"tw_name":"動物坐騎",
	"tha_name":"ขี่สัตว์",
	"esn_name":"Montura de Animal",
	"ptb_name":"Montaria",
	"fra_name":"Monter",
	"jpn_name":"動物マウント",
	"ara_name":"新增待译0810",
	"kor_name":"동물 마운트",
	"vie_name":"Thú cưỡi ",
	"rus_name":"гора",
	"tur_name":"Montaj",
	"ita_name":"Montare",
	"ger_name":"Montieren",
	"ind_name":"Meningkat",

	"description":"可以骑上可爱的动物们去周游世界了！",
	"en_description":"You can travel around the world riding the mounts.",
	"tw_description":"可以騎上可愛的動物們去周遊世界了！",
	"tha_description":"คุณสามารถขี่สัตว์ที่น่ารักๆ ไปท่องเที่ยวทั่วโลกได้แล้ว!",
	"esn_description":"¡Usa la montura de animal para explorar el mundo!",
	"ptb_description":"Você pode viajar pelo mundo montando as montarias.",
	"fra_description":"Vous pouvez voyager à travers le monde à cheval les montagnes.",
	"jpn_description":"可愛い動物に乗って世界へ旅行に行きます！",
	"ara_description":"新增待译0810",
	"kor_description":"귀여운 동물을 타고 세계로 여행하러갑니다!",
	"vie_description":"Bạn có thể cưỡi lên những thú cưới đáng yêu và đi du lịch khắp thế giới này!",
	"rus_description":"Вы можете путешествовать по всему миру верхом на монтирует.",
	"tur_description":"Dünyayı dolaşıp Montajlara binebilirsiniz.",
	"ita_description":"È possibile viaggiare in tutto il mondo in sella i monti.",
	"ger_description":"Sie können rund um die Welt reisen, um die Halterungen Reiten.",
	"ind_description":"Anda dapat melakukan perjalanan di seluruh dunia naik gunung.",

	"author":"迷你队长",
	"en_author":"Mini-Captain",
	"tw_author":"迷你隊長",
	"tha_author":"กัปตันมินิ",
	"esn_author":"Minicapitán",
	"ptb_author":"Mini-Capitão",
	"fra_author":"Mini-capitaine",
	"jpn_author":"ミニキャプテン",
	"ara_author":"كابتن صغير",
	"kor_author":"Mini-Captain",
	"vie_author":"Thuyền trưởng nhỏ",
	"rus_author":"Мини-капитан",
	"tur_author":"Mini Kaptan",
	"ita_author":"Mini-capitano",
	"ger_author":"كMini-Kapitän",
	"ind_author":"Kapten-Mini ",
	
    "pack_version":"0.7",
    "api_version":"0.14.0",
	"mod_type":0,
    "restart_required":false,
	"open_edit":false,
    "standalone":false,
    "uuid":"07dc3e88-f351-11e6-bc64-92361f002671",
	"author_head_iconindex":999,
	"authoruin":1000,
}