{
	"property": {
		"attack": 25,
		"attack_distance": 11,
		"desc": "",
		"drop_exp": 13,
		"drop_item1": 12282,
		"drop_item2": 710,
		"drop_item3": 0,
		"id": 3105,
		"kill_score": 5,
		"life": 90,
		"model_scale": 0.5,
		"speed": 350,
		"team_id": 0,
		"view_distance": 16 
	},
	"set_ai": [
		{
			"atkrange": 1500,
			"buffid": 0,
			"count": 1,
			"max_atktime": 60,
			"min_atktime": 20,
			"name": "projectile_attack",
			"power": 0.8,
			"priority": 4,
			"projectileid": 12002,
			"speed": 1 
		},
		{
			"name": "sun_hurt" 
		},
		{
			"name": "swimming",
			"priority": 1 
		},
		{
			"name": "follow_direction",
			"priority": 1,
			"speed": 1.1 
		},
		{
			"name": "restrict_sun",
			"priority": 2 
		},
		{
			"name": "flee_sun",
			"priority": 3,
			"speed": 1 
		},
		{
			"maxhp": 0.0001,
			"name": "panic",
			"priority": 1,
			"speed": 3.25 
		},
		{
			"name": "wander",
			"priority": 5,
			"speed": 1 
		},
		{
			"dist": 800,
			"name": "watch_closest",
			"priority": 6 
		},
		{
			"name": "look_idle",
			"priority": 6 
		},
		{
			"help": true,
			"name": "target_hurtee",
			"priority": 1 
		},
		{
			"brightness": 0,
			"chance": 0,
			"check_sight": true,
			"name": "target_nearest",
			"priority": 2 
		} 
	] 
} 
