{
	"property":
	{
		"id":3400,
		"life":10,
		"drop_exp":1,
		"armor_punch":0,
		"armor_range":0,
		"armor_explode":0,
		"view_distance":16,
		"spawn_maxlight":15,
		"spawn_sunlight":9,
		"spawn_min_height":1,
		"spawn_max_height":255,
		"pack_number":1,
		"model_scale":5,
		"avoid_water":true,
		"can_fly":true,
	},

	"set_ai":
	[
		{"name":"swimming","priority":0},
		{"name":"mate","priority":2,"speed":1},
		{"name":"panic","priority":1,"speed":1.4,"maxhp":0},
		{"name":"tempt","priority":3,"speed":1,"id":11400,"scared":false}, 
		{"name":"follow_parent","priority":4, "speed":1.1},
		{"name":"wander","priority":5,"speed":1},
		{"name":"watch_closest","priority":8,"dist":600},
		{"name":"look_idle","priority":7},
	]
}