{
	"property":
	{
		"id":3401,
		"life":20,
		"drop_exp":1,
		"armor_punch":0,
		"armor_range":0,
		"armor_explode":0,
		"view_distance":16,
		"spawn_maxlight":15,
		"spawn_sunlight":9,
		"spawn_min_height":1,
		"spawn_max_height":255,
		"pack_number":1,
		"model_scale":5,
		"avoid_water":true,
	},

	"set_ai":
	[
		{"name":"swimming","priority":0},
		{"name":"mate","priority":2,"speed":1.0},
		{"name":"panic","priority":1,"speed":2.0,"maxhp":0},
		{"name":"tempt","priority":3,"speed":1.25,"id":229,"scared":false},
		{"name":"follow_parent","priority":4, "speed":1.25},
		{"name":"wander","priority":5,"speed":1},
		{"name":"watch_closest","priority":6,"dist":600},
		{"name":"look_idle","priority":7},
	]
}