{
	"property":
	{
		"id":3501,
		"life":80,
		"drop_exp":21,
		"attack":10,
		"attack_distance":2,
		"armor_punch":0,
		"armor_range":0,
		"armor_explode":16,
		"view_distance":20,
		"spawn_maxlight":7,
		"spawn_sunlight":0,
		"spawn_min_height":1,
		"spawn_max_height":255,
		"pack_number":1,
		"model_scale":5,
		"path_hide":1,
	},

	"set_ai":
	[ 
		{"name":"attack", "priority":1, "attack_type":0, "will_trace":false, "move_speed":1.0},
		{"name":"wander", "priority":2, "speed":1},
		{"name":"look_idle", "priority":3},
	]
}