{
	"property":
	{
		"id":3408,
		"life":30,
		"attack":4,
		"attack_distance":2,
		"armor_punch":0,
		"armor_range":0,
		"armor_explode":0,
		"view_distance":16,
		"spawn_maxlight":15,
		"spawn_sunlight":9,
		"spawn_min_height":1,
		"spawn_max_height":255,
		"pack_number":1,
		"model_scale":5,
		"avoid_water":true,
	}, 

	"set_ai":
	[
		{"name":"swimming", "priority":1},
		{"name":"sit", "priority":2},
		{"name":"leap_at_target", "priority":3, "motion_y":40.0, "min_range":200, "max_range":400}, 
		{"name":"attack", "priority":4, "attack_type":0, "will_trace":true, "move_speed":2.0},
		{"name":"follow_owner", "priority":5, "speed":2.0, "max_dist":1000, "min_dist":200}, 
		{"name":"mate", "priority":6, "speed":1.0},
		{"name":"wander", "priority":7, "speed":1},
		{"name":"beg", "priority":8, "id":11302, "dist":800}, 
		{"name":"watch_closest", "priority":9, "dist":600},
		{"name":"look_idle", "priority":9},
		{"name":"target_hurtee", "priority":3, "help":true },
		{"name":"target_onwner_hurtee", "priority":1},
		{"name":"target_onwner_hurter", "priority":2},
	]
}