{
	"property":
	{
		"id":3102,
		"life":40,
		"drop_exp":21,
		"attack":3,
		"attack_distance":2,
		"armor_punch":4,
		"armor_range":4,
		"armor_explode":4,
		"view_distance":16,
		"spawn_maxlight":7,
		"spawn_sunlight":0,
		"spawn_min_height":1,
		"spawn_max_height":255,
		"pack_number":1,
		"model_scale":5,
		"avoid_water":true,
	},

	"set_ai":
	[
		{"name":"swimming","priority":0},
		{"name":"break_door","priority":1},
		{"name":"attack", "priority":2, "attack_type":0, "will_trace":false, "move_speed":1.5},
		{"name":"move_towards_restriction","priority":4,"speed":1},
		{"name":"wander","priority":6,"speed":1},
		{"name":"watch_closest","priority":7,"dist":800},
		{"name":"look_idle","priority":7},
		{"name":"target_nearest", "priority":2, "chance":0, "check_sight":true, "brightness":0},
		{"name":"target_hurtee", "priority":1, "help":true },
	]
}