{
	"property":
	{
		"id":3402,
		"life":20,
		"drop_exp":1,
		"attack_distance":2,
		"armor_punch":0,
		"armor_range":0,
		"armor_explode":0,
		"view_distance":16,
		"spawn_maxlight":15,
		"spawn_sunlight":9,
		"spawn_min_height":1,
		"spawn_max_height":255,
		"pack_number":1,
		"model_scale":5,
		"avoid_water":true,
	},

	"set_ai":
	[
		{"name":"swimming","priority":0},
		{"name":"mate","priority":3,"speed":1},
		{"name":"panic","priority":1,"speed":1.25,"maxhp":0},
		{"name":"tempt","priority":4,"speed":1.2,"id":236,"scared":false},
		{"name":"follow_parent","priority":5, "speed":1.1},
		{"name":"wander","priority":6,"speed":1.0},
		{"name":"watch_closest","priority":7,"dist":600},
		{"name":"look_idle","priority":8},
	]
}