{
	"property":
	{
		"id":3105,
		"life":40,
		"drop_exp":13,
		"attack":4,
		"attack_distance":11,
		"armor_punch":0,
		"armor_range":0,
		"armor_explode":0,
		"view_distance":16,
		"spawn_maxlight":7,
		"spawn_sunlight":0,
		"spawn_min_height":1,
		"spawn_max_height":255,
		"pack_number":1,
		"model_scale":5,
		"sun_hurt":true,
	},

	"set_ai":
	[
		{"name":"swimming", "priority":1},
		{"name":"arrow_attack", "priority":4, "speed":1.0, "min_atktime":80, "max_atktime":60, "atkrange":1500},
		{"name":"restrict_sun","priority":2},
		{"name":"flee_sun", "priority":3, "speed":1},
		{"name":"panic", "priority":1, "speed":3.25, "maxhp":0.1},
		{"name":"wander", "priority":5, "speed":1},
		{"name":"watch_closest", "priority":6, "dist":800},
		{"name":"look_idle", "priority":6},
		{"name":"target_hurtee", "priority":1, "help":false },
		{"name":"target_nearest", "priority":2, "chance":0, "check_sight":true, "brightness":0},
	]
}