{
	"property":
	{
		"id":3407,
		"life":20,
		"drop_exp":1,
		"attack":2,
		"attack_distance":2,
		"armor_punch":2,
		"armor_range":0,
		"armor_explode":0,
		"view_distance":16,
		"spawn_maxlight":15,
		"spawn_sunlight":9,
		"spawn_min_height":1,
		"spawn_max_height":255,
		"pack_number":1,
		"model_scale":5,
		"avoid_water":true,
	},

	"set_ai":
	[
		{"name":"swimming", "priority":1},
		{"name":"target_hurtee", "priority":2, "help":true },
		{"name":"sit", "priority":2}, 
		{"name":"target_onwner_hurtee", "priority":3}, 
		{"name":"target_onwner_hurter", "priority":3},
		{"name":"target_hurtee", "priority":3, "help":true },
		{"name":"leap_at_target", "priority":3, "motion_y":40.0, "min_range":200, "max_range":400},
		{"name":"attack", "priority":3, "attack_type":0, "will_trace":true, "move_speed":2.0},
		{"name":"mate","priority":4,"speed":1.0},
		{"name":"follow_owner", "priority":5, "speed":2.0, "max_dist":1000, "min_dist":200},
		{"name":"beg", "priority":6, "id":11302, "dist":800},
		{"name":"target_nontamed", "priority":7, "atkeeid":3403, "chance":200},
		{"name":"watch_closest", "priority":8, "dist":600},
		{"name":"wander", "priority":9, "speed":1, "prop": 50},
		{"name":"look_idle", "priority":9, "prop": 60},
	]
}