{
	"name":"卡通材质包",
	"en_name":"Cartoon Style",
	"tw_name":"卡通材質包",
	"tha_name":"การ์ตูน",
	"esn_name":"Estilo Cartoon",
	"ptb_name":"Desenho ",
	"fra_name":"dessin animé ",
	"jpn_name":"アニメ風 ",
	"ara_name":"Cartoon-style",
	"kor_name":"만화",
	"vie_name":"Phong cách cartoon",
	"rus_name":"мультипликация ",
	"tur_name":"Karikatür tarzı ",
	"ita_name":"Cartoon-style ",
	"ger_name":"Cartoon",
	"ind_name":"Style-Kartun",
	
	"description":"由迷你世界官方推出的卡通风格材质包，欢迎大家使用。 ",
	"en_description":"Cartoon-style texture pack released by Mini World Team.",
	"tw_description":"由迷你世界官方推出的卡通風格材質包，歡迎大家使用。",
	"tha_description":"แพ็ควัสดุรูปแบบการ์ตูน สร้างโดยมินิเวิลด์อย่างเป็นทางการ ยินดีต้อนรับในการใช้งาน",
	"esn_description":"Paquete de texturas de estilo de dibujo animado",
	"ptb_description":"Pacote de Cartunização liberado pela equipe Mini World.",
	"fra_description":"Pack de textures au airs de dessin animé proposé par MiniWorld",
	"jpn_description":"Mini World チームが展開したアニメ風の材料パッケージ",
	"ara_description":"Cartoon-style texture pack released by Mini World Team",
	"kor_description":"소형 가방 만화 재질이 발표한 세계 팀",
	"vie_description":"Gói chất liệu theo phong cách hoạt hình (cartoon) được tạo bởi nhà phát hành game Mini World",
	"rus_description":"Мультфильм стиле пакет текстуры, выпущенный мини-World Team",
	"tur_description":"Mini World ekibi tarafından sunulan karikatür tarzı doku paketi",
	"ita_description":"Pacchetto texture in stile cartoon rilasciato da Mini World Team",
	"ger_description":"Cartoon-Stil Textur-Paket von Mini World Team veröffentlicht",
	"ind_description":"Tekstur kartun yang dirilis oleh Tim Mini World.",
	
	"author":"迷你队长",
	"en_author":"Mini-Captain",
	"tw_author":"迷你隊長",
	"tha_author":"กัปตันมินิ",
	"esn_author":"Minicapitán",
	"ptb_author":"Mini-Capitão",
	"fra_author":"Mini-capitaine",
	"jpn_author":"ミニキャプテン",
	"ara_author":"كابتن صغير",
	"kor_author":"Mini-Captain",
	"vie_author":"Thuyền trưởng nhỏ",
	"rus_author":"Мини-капитан",
	"tur_author":"Mini Kaptan",
	"ita_author":"Mini-capitano",
	"ger_author":"كMini-Kapitän",
	"ind_author":"Kapten-Mini ",

    "pack_version":"1.5", 
    "api_version":"0.16.0",
	"mod_type":1,
    "restart_required":false,
	"open_edit":false,
    "standalone":false,
	"encrypted":true,
    "uuid":"3a3fefca-3b02-11e7-a919-92ebcb67fe33",
	"author_head_iconindex":999,
	"authoruin":1000,
}