{
	"PhysicsActor": {
		"EditType": 2,
		"ModelScale": 1,
		"ShapeID": 0,
		"ShapeVal1": 50,
		"ShapeVal2": 0,
		"ShapeVal3": 0 
	},
	"avatarInfo": [
	],
	"foreign_ids": [
	],
	"mod_desc": {
		"author": "204626759",
		"filename": "1516720881",
		"uuid": "667f325c-1ff1-11e7-93ae-92361f002671",
		"version": "1" 
	},
	"property": {
		"attack_type": 0,
		"break": false,
		"can_throw": false,
		"copyid": 10103,
		"describe": "",
		"gravity": 0,
		"icon": "*15003",
		"id": 4098,
		"model": "*15003",
		"multilangdesc": "{\"originalID\":0,\"textList\":{\"0\":\"\"}}",
		"multilangname": "{\"originalID\":0,\"textList\":{\"0\":\"左轮枪子弹\",\"1\":\"Revolver bullet\",\"10\":\"Súng lục ổ quay\",\"11\":\"Револьвер***я пуля\",\"12\":\"Tabanca mermi\",\"13\":\"Proiettile Revolver\",\"14\":\"Revolver-Geschoss\",\"15\":\"Peluru revolver\",\"2\":\"左輪槍***\",\"3\":\"กระสุนปืน\",\"4\":\"Bala revólver\",\"5\":\"Bala revólver\",\"6\":\"Balle de revolver\",\"7\":\"リボルバー弾\",\"9\":\"리볼버 총알\"}}",
		"name": "左轮枪子弹",
		"pickable": false,
		"projectile_attack": 5,
		"speed_decay": 0,
		"speed_init": 1000,
		"stack_max": 64,
		"trigger_condition": 3,
		"trigger_delay": 0 
	} 
} 
