{
	"PhysicsActor": {
		"EditType": 2,
		"ModelScale": 1,
		"ShapeID": 0,
		"ShapeVal1": 50,
		"ShapeVal2": 0,
		"ShapeVal3": 0 
	},
	"avatarInfo": [
	],
	"foreign_ids": [
	],
	"mod_desc": {
		"author": "204626759",
		"filename": "1516720914",
		"uuid": "667f325c-1ff1-11e7-93ae-92361f002671",
		"version": "1" 
	},
	"property": {
		"attack_type": 0,
		"break": false,
		"can_throw": false,
		"copyid": 10103,
		"describe": "",
		"gravity": 0,
		"icon": "*15003",
		"id": 4100,
		"model": "*15003",
		"multilangdesc": "{\"originalID\":0,\"textList\":{\"0\":\"\"}}",
		"multilangname": "{\"originalID\":0,\"textList\":{\"0\":\"加特林子弹\",\"1\":\"Gatlin bullet\",\"10\":\"Viên đạn Gatlin\",\"11\":\"Гатлин Пуля\",\"12\":\"Gatlin mermi\",\"13\":\"Proiettile Gatlin\",\"14\":\"Gatlin Kugel\",\"15\":\"Peluru Gatlin\",\"2\":\"加特林***\",\"3\":\"กระสุน Gatlin\",\"4\":\"Bala de Gatlin\",\"5\":\"Gatlin bullet\",\"6\":\"Balle de Gatlin\",\"7\":\"ガトリン弾\",\"9\":\"개 틀린 총알\"}}",
		"name": "加特林子弹",
		"pickable": false,
		"projectile_attack": 5,
		"speed_decay": 0,
		"speed_init": 1000,
		"stack_max": 64,
		"trigger_condition": 3,
		"trigger_delay": 0 
	} 
} 
