{
	"PhysicsActor": {
		"EditType": 2,
		"ModelScale": 1,
		"ShapeID": 0,
		"ShapeVal1": 50,
		"ShapeVal2": 0,
		"ShapeVal3": 0 
	},
	"avatarInfo": [
	],
	"foreign_ids": [
	],
	"mod_desc": {
		"author": "204626759",
		"filename": "1516720865",
		"uuid": "667f325c-1ff1-11e7-93ae-92361f002671",
		"version": "1" 
	},
	"property": {
		"attack_type": 0,
		"break": false,
		"can_throw": false,
		"copyid": 10103,
		"describe": "",
		"gravity": 0,
		"icon": "*15003",
		"id": 4097,
		"model": "*15003",
		"multilangdesc": "{\"originalID\":0,\"textList\":{\"0\":\"\"}}",
		"multilangname": "{\"originalID\":0,\"textList\":{\"0\":\"冲锋枪子弹\",\"1\":\"Submachine gun bullet\",\"10\":\"Đạn súng tiểu liên\",\"11\":\"Пистолет-пулемет\",\"12\":\"Hafif makineli tüfek mermi\",\"13\":\"Proiettile mitragliatore\",\"14\":\"Maschinenpistole Kugel\",\"15\":\"Peluru senapan mesin ringan\",\"2\":\"衝鋒槍***\",\"3\":\"กระสุนปืนกลมือ\",\"4\":\"Bala ametralladora\",\"5\":\"Bala de metralhadora\",\"6\":\"Pistolet mitraillette\",\"7\":\"短機関銃の弾丸\",\"9\":\"기관총 총알\"}}",
		"name": "冲锋枪子弹",
		"pickable": false,
		"projectile_attack": 5,
		"speed_decay": 0,
		"speed_init": 1000,
		"stack_max": 64,
		"trigger_condition": 3,
		"trigger_delay": 0 
	} 
} 
