{
	"PhysicsActor": {
		"EditType": 2,
		"ModelScale": 1,
		"ShapeID": 0,
		"ShapeVal1": 50,
		"ShapeVal2": 0,
		"ShapeVal3": 0 
	},
	"avatarInfo": [
	],
	"foreign_ids": [
	],
	"mod_desc": {
		"author": "204626759",
		"filename": "1516720896",
		"uuid": "667f325c-1ff1-11e7-93ae-92361f002671",
		"version": "1" 
	},
	"property": {
		"attack_type": 0,
		"break": false,
		"can_throw": false,
		"copyid": 10103,
		"describe": "",
		"gravity": 0,
		"icon": "*15003",
		"id": 4099,
		"model": "*15003",
		"multilangdesc": "{\"originalID\":0,\"textList\":{\"0\":\"\",\"1\":\"\",\"10\":\"\",\"11\":\"\",\"12\":\"\",\"13\":\"\",\"14\":\"\",\"15\":\"\",\"2\":\"\",\"3\":\"\",\"4\":\"\",\"5\":\"\",\"6\":\"\",\"7\":\"\",\"9\":\"\"}}",
		"multilangname": "{\"originalID\":0,\"textList\":{\"0\":\"狙击枪子弹\",\"1\":\"Sniper gun bullet\",\"10\":\"Súng bắn tỉa\",\"11\":\"С***йперская пуля\",\"12\":\"Keskin nişancı silahı mermi\",\"13\":\"Proiettile da cecchino\",\"14\":\"Scharfschützengewehrkugel\",\"15\":\"Peluru pistol sniper\",\"2\":\"狙擊槍***\",\"3\":\"กระสุนปืนซุ่มยิง\",\"4\":\"Bala de francotirador\",\"5\":\"Bala de arma atirador\",\"6\":\"Balle de tireur d'élite\",\"7\":\"狙撃銃の弾丸\",\"9\":\"스나이퍼 총알\"}}",
		"name": "狙击枪子弹",
		"pickable": false,
		"projectile_attack": 5,
		"speed_decay": 0,
		"speed_init": 1000,
		"stack_max": 64,
		"trigger_condition": 3,
		"trigger_delay": 0 
	} 
} 
