{
	"foreign_ids": [
		{
			"id": 100012,
			"key": "204626759667f325c-1ff1-11e7-93ae-92361f0026711516720881" 
		} 
	],
	"mod_desc": {
		"author": "204626759",
		"filename": "CowboyRevolver",
		"uuid": "667f325c-1ff1-11e7-93ae-92361f002671",
		"version": "1" 
	},
	"property": {
		"bullet_id": 100012,
		"bulletid_filename": "1516720881",
		"continuous_fire": false,
		"fire_interval": 300,
		"gun_attack": 20,
		"gun_speed_add": 0,
		"gun_type": 10105,
		"id": 15002,
		"magazines": 6,
		"need_bullet": 1,
		"weight": 500 
	} 
} 
