{
	"foreign_ids": [
		{
			"id": 100014,
			"key": "204626759667f325c-1ff1-11e7-93ae-92361f0026711516720914" 
		} 
	],
	"mod_desc": {
		"author": "204626759",
		"filename": "HeavyMachineGun",
		"uuid": "667f325c-1ff1-11e7-93ae-92361f002671",
		"version": "1" 
	},
	"property": {
		"bullet_id": 100014,
		"bulletid_filename": "1516720914",
		"continuous_fire": true,
		"fire_interval": 100,
		"gun_attack": 15,
		"gun_speed_add": 0,
		"gun_type": 10108,
		"id": 15005,
		"magazines": 100,
		"need_bullet": 1,
		"weight": 12000 
	} 
} 
