{
	"foreign_ids": [
		{
			"id": 100013,
			"key": "204626759667f325c-1ff1-11e7-93ae-92361f0026711516720896" 
		} 
	],
	"mod_desc": {
		"author": "204626759",
		"filename": "SniperRifle",
		"uuid": "667f325c-1ff1-11e7-93ae-92361f002671",
		"version": "1" 
	},
	"property": {
		"bullet_id": 100013,
		"bulletid_filename": "1516720896",
		"continuous_fire": false,
		"fire_interval": 1000,
		"gun_attack": 60,
		"gun_speed_add": 0,
		"gun_type": 10107,
		"id": 15004,
		"magazines": 6,
		"need_bullet": 1,
		"weight": 7000 
	} 
} 
