{
	"foreign_ids": [
		{
			"id": 100011,
			"key": "204626759667f325c-1ff1-11e7-93ae-92361f0026711516720865" 
		} 
	],
	"mod_desc": {
		"author": "204626759",
		"filename": "SubmachineGun",
		"uuid": "667f325c-1ff1-11e7-93ae-92361f002671",
		"version": "1" 
	},
	"property": {
		"bullet_id": 100011,
		"bulletid_filename": "1516720865",
		"continuous_fire": true,
		"fire_interval": 150,
		"gun_attack": 15,
		"gun_speed_add": 0,
		"gun_type": 10106,
		"id": 15000,
		"magazines": 30,
		"need_bullet": 1,
		"weight": 4000 
	} 
} 
