{
	"name":"危险世界",
	"en_name":"Dangerous World",
	"tw_name":"危險世界",
	"tha_name":"โลกอันตราย",
	"esn_name":"Mundo peligroso",
	"ptb_name":"Mundo Perigoso",
	"fra_name":"Dangerous World",
	"jpn_name":"危険世界",
	"ara_name":"新增待译0810",
	"kor_name":"위험 세계",
	"vie_name":"Thế giới nguy hiểm",
	"rus_name":"Dangerous World",
	"tur_name":"Tehlikeli Dünya",
	"ita_name":"mondiale pericoloso",
	"ger_name":"gefährliche Welt",
	"ind_name":"Dunia berbahaya",

	"description":"僵尸来袭。（听说这里的野人喜欢孔雀石）",
	"en_description":"Zombie is coming(It's said that boarman likes malachite)",
	"tw_description":"殭屍來襲。 （聽說這裡的野人喜歡孔雀石）",
	"tha_description":"ซอมบี้กำลังมา (ได้ยินมาว่าคนป่าในที่นี่ชอบหินมาลาไคท์)",
	"esn_description":"Vienen los zombis. (Dicen que a los salvajes de aquí les gustan las piedras de malaquita)...",
	"ptb_description":"O zumbi está chegando (Dizem que o javali gosta de malaquita)",
	"fra_description":"Zombie arrive (On dit que Boarman aime malachite)",
	"jpn_description":"ゾンビが来る。 （ここの野人は孔雀石というものが好きだと言われた）",
	"ara_description":"新增待译0810",
	"kor_description":"좀비가 온다. (여기에서 야인은 공작석이라는 것이 좋아한다고 말한)",
	"vie_description":"Zombie đang đến ( nghe đồn rằng dã nhận ở đây rất thích đá lông công)",
	"rus_description":"Зомби приходит (Говорят, что boarman любит малахит)",
	"tur_description":"Zombi geliyor (Vahşi'nın malakit taşı sevdiği söyleniyor)",
	"ita_description":"Zombie è in arrivo (Si dice che gli piace Boarman malachite)",
	"ger_description":"Zombie kommt (Es wird gesagt, dass Boarman mag Malachit)",
	"ind_description":"Zombie akan datang (Dikatakan bahwa boarman suka perunggu)",


	"author":"迷你队长",
	"en_author":"Mini-Captain",
	"tw_author":"迷你隊長",
	"tha_author":"กัปตันมินิ",
	"esn_author":"Minicapitán",
	"ptb_author":"Mini-Capitão",
	"fra_author":"Mini-capitaine",
	"jpn_author":"ミニキャプテン",
	"ara_author":"كابتن صغير",
	"kor_author":"Mini-Captain",
	"vie_author":"Thuyền trưởng nhỏ",
	"rus_author":"Мини-капитан",
	"tur_author":"Mini Kaptan",
	"ita_author":"Mini-capitano",
	"ger_author":"كMini-Kapitän",
	"ind_author":"Kapten-Mini ",
	
    "pack_version":"0.8",
    "api_version":"0.14.0",
	"mod_type":0,
    "restart_required":false,
	"open_edit":false,
    "standalone":false,
    "uuid":"83d894b6-f354-11e6-bc64-92361f002671",
	"author_head_iconindex":999,
	"authoruin":1000,
}