{
	"property":
	{
		"id":3107,
		"life":75,
		"drop_exp":10,
		"attack":25,
		"attack_distance":3,
		"armor_punch":4,
		"armor_range":4,
		"armor_explode":4,
		"view_distance":16,
		"spawn_maxlight":15,
		"spawn_sunlight":8,
		"spawn_min_height":10,
		"spawn_max_height":200,
		"pack_number":1,
		"model_scale":1,
	},

	"set_ai":
	[
		{"name":"swimming", "priority":0},
		{"name":"attack", "priority":2, "attack_type":0, "will_trace":false, "move_speed":1.5},
		{"name":"target_nontamed", "priority":0, "atkeeid":3408, "chance":1},
		{"name":"wander", "priority":7, "speed":1},
		{"name":"watch_closest", "priority":8, "dist":800},
		{"name":"look_idle", "priority":9},
		{"name":"target_hurtee", "priority":1, "help":true },
		{"name":"target_nearest", "priority":2, "chance":0, "check_sight":false, "brightness":0},
	]
}