{
	"property":
	{
		"id":3102,
		"life":100,
		"drop_exp":21,
		"attack":15,
		"attack_distance":1,
		"armor_punch":4,
		"armor_range":4,
		"armor_explode":4,
		"view_distance":3,
		"spawn_maxlight":7,
		"spawn_sunlight":0,
		"spawn_min_height":10,
		"spawn_max_height":200,
		"pack_number":1,
		"model_scale":1,
		"avoid_water":true,
		"interaction_function":"littlewildman_Interact",
	},

	"set_ai":
	[
		{"name":"swimming","priority":0},
		{"name":"attack", "priority":2, "attack_type":0, "will_trace":false, "move_speed":3.5},
		{"name":"wander","priority":5,"speed":1},
		{"name":"watch_closest","priority":8,"dist":600},
		{"name":"look_idle","priority":7},
		{"name":"target_hurtee", "priority":1, "help":true },
	]
}