{
	"property":
	{
		"id":3402,
		"life":100,
		"drop_exp":12,
		"attack":25,
		"attack_distance":2,
		"armor_punch":0,
		"armor_range":0,
		"armor_explode":0,
		"view_distance":16,
		"spawn_maxlight":15,
		"spawn_sunlight":9,
		"spawn_min_height":10,
		"spawn_max_height":200,
		"pack_number":4,
		"model_scale":1,
		"avoid_water":true,
		"texture":"pig",
	},

	"set_ai":
	[
		{"name":"swimming","priority":0},
		{"name":"mate","priority":2,"speed":2.0},
		{"name":"attack", "priority":2, "attack_type":0, "will_trace":false, "move_speed":2},
		{"name":"follow_parent","priority":5, "speed":1.2},
		{"name":"wander","priority":6,"speed":1.0},
		{"name":"watch_closest","priority":7,"dist":600},
		{"name":"look_idle","priority":8},
		{"name":"target_hurtee", "priority":1, "help":true },
		{"name":"target_nearest", "priority":2, "chance":0, "check_sight":false, "brightness":0},
	]
}