{
	"property":
	{
		"id":3403,
		"life":60,
		"drop_exp":12,
		"attack":25,
		"attack_distance":2,
		"armor_punch":5,
		"armor_range":5,
		"armor_explode":5,
		"view_distance":16,
		"spawn_maxlight":15,
		"spawn_sunlight":9,
		"spawn_min_height":10,
		"spawn_max_height":200,
		"pack_number":4,
		"model_scale":1,
		"avoid_water":true,
	},

	"set_ai":
	[
		{"name":"swimming","priority":0},
		{"name":"mate","priority":2,"speed":2.0},
		{"name":"eat_grass","priority":6},
		{"name":"attack", "priority":2, "attack_type":0, "will_trace":false, "move_speed":2},
		{"name":"wander","priority":7,"speed":2},
		{"name":"watch_closest","priority":8,"dist":600},
		{"name":"target_hurtee", "priority":1, "help":true },
		{"name":"target_nearest", "priority":2, "chance":0, "check_sight":false, "brightness":0},
		{"name":"look_idle","priority":9},
	]
}