{
	"property":
	{
		"id":3105,
		"life":100,
		"drop_exp":13,
		"attack":20,
		"attack_distance":11,
		"armor_punch":0,
		"armor_range":0,
		"armor_explode":0,
		"view_distance":16,
		"spawn_maxlight":7,
		"spawn_sunlight":0,
		"spawn_min_height":0,
		"spawn_max_height":255,
		"pack_number":3,
		"model_scale":1,
		"sun_hurt":true,
		"interaction_function":"wildmanhunter_Interact",
	},

	"set_ai":
	[
		{"name":"swimming", "priority":1},
		{"name":"arrow_attack", "priority":4, "speed":1.0, "min_atktime":80, "max_atktime":60, "atkrange":1500},
		{"name":"wander", "priority":5, "speed":1},
		{"name":"watch_closest", "priority":6, "dist":800},
		{"name":"look_idle", "priority":6},
		{"name":"target_hurtee", "priority":1, "help":true },
		{"name":"target_nontamed", "priority":0, "atkeeid":3401, "chance":200},
		{"name":"target_nontamed", "priority":0, "atkeeid":3402, "chance":200},
		{"name":"target_nontamed", "priority":0, "atkeeid":3403, "chance":200},
	]
}