{
	"property":
	{
		"id":3101,
		"life":100,
		"drop_exp":13,
		"attack":30,
		"attack_distance":3,
		"armor_punch":4,
		"armor_range":4,
		"armor_explode":4,
		"view_distance":16,
		"spawn_maxlight":7,
		"spawn_sunlight":0,
		"spawn_min_height":10,
		"spawn_max_height":200,
		"pack_number":3,
		"model_scale":1,
		"pass_closed_door":true,
		"sun_hurt":true,
		"interaction_function":"wildman_Interact",
	},

	"set_ai":
	[
		{"name":"swimming", "priority":0},
		{"name":"attack", "priority":2, "attack_type":0, "will_trace":false, "move_speed":2.0},
		{"name":"target_nontamed", "priority":0, "atkeeid":3401, "chance":200},
		{"name":"target_nontamed", "priority":0, "atkeeid":3402, "chance":200},
		{"name":"target_nontamed", "priority":0, "atkeeid":3403, "chance":200},
		{"name":"wander", "priority":7, "speed":1},
		{"name":"watch_closest", "priority":8, "dist":800},
		{"name":"look_idle", "priority":9},
		{"name":"target_hurtee", "priority":1, "help":true },
	]
}