{
	"foreign_ids": [
		{
			"id": 100014,
			"key": "204626759667f325c-1ff1-11e7-93ae-92361f0026711516720914" 
		} 
	],
	"mod_desc": {
		"author": "204626759",
		"filename": "1516721893",
		"uuid": "667f325c-1ff1-11e7-93ae-92361f002671",
		"version": "1" 
	},
	"property": {
		"copyid": 1000,
		"id": 100022,
		"is_followme": false,
		"material_count1": 5,
		"material_count2": 1,
		"material_count3": 2,
		"material_count4": 1,
		"material_count5": 0,
		"material_count6": 0,
		"material_count7": 0,
		"material_count8": 0,
		"material_count9": 0,
		"material_id1": 11306,
		"material_id2": 11209,
		"material_id3": 124,
		"material_id4": 11207,
		"material_id5": 0,
		"material_id6": 0,
		"material_id7": 0,
		"material_id8": 0,
		"material_id9": 0,
		"result_count": 20,
		"result_id": 100014,
		"type": 1 
	} 
} 
