{
	"foreign_ids": [
	],
	"mod_desc": {
		"author": "204626759",
		"filename": "1516721858",
		"uuid": "667f325c-1ff1-11e7-93ae-92361f002671",
		"version": "1" 
	},
	"property": {
		"copyid": 1000,
		"id": 100018,
		"is_followme": false,
		"material_count1": 12,
		"material_count2": 15,
		"material_count3": 3,
		"material_count4": 15,
		"material_count5": 1,
		"material_count6": 1,
		"material_count7": 0,
		"material_count8": 0,
		"material_count9": 0,
		"material_id1": 11203,
		"material_id2": 11511,
		"material_id3": 844,
		"material_id4": 11207,
		"material_id5": 251,
		"material_id6": 632,
		"material_id7": 0,
		"material_id8": 0,
		"material_id9": 0,
		"result_count": 1,
		"result_id": 15004,
		"type": 1 
	} 
} 
