{
	"name":"黑白颠倒",
	"en_name":"Reverse World",
	"tw_name":"黑白顛倒",
	"tha_name":"กลับตาลปัตร",
	"esn_name":"Mundo Invertido",
	"ptb_name":"Preto e branco invertido",
	"fra_name":"Noir et blanc inversé",
	"jpn_name":"黒と白の逆さま",
	"ara_name":"新增待译0810",
	"kor_name":"흑백 거꾸로",
	"vie_name":"Đen và trắng đảo lộn",
	"rus_name":"Черно-белая обратная",
	"tur_name":"Siyah ve beyaz ters",
	"ita_name":"In bianco e nero invertiti",
	"ger_name":"Schwarz und weiß umgekehrt",
	"ind_name":"Hitam dan putih terbalik",

	"description":"动物很凶猛，野人很温柔。",
	"en_description":"Animals are fierce, while boarmen are soft",
	"tw_description":"動物很兇猛，野人很溫柔。",
	"tha_description":"สัตว์ดุร้าย แต่คนป่าอ่อนโยน",
	"esn_description":"Los animales son agresivos, mientras que los salvajes son amables",
	"ptb_description":"Os animais são ferozes, enquanto os machos são mansos",
	"fra_description":"Les animaux sont féroces, tout en boarmen sont douces",
	"jpn_description":"動物は猛々しいで、野人はとても優しいです",
	"ara_description":"新增待译0810",
	"kor_description":"동물은 용맹스러운하고 야인은 매우 친절합니다",
	"vie_description":"Động vật rất hung dữ, Dã nhân rất hiền lành",
	"rus_description":"Животные свирепы, в то время как boarmen мягкие",
	"tur_description":"Hayvanlar şiddetli ve vahşi çok nazik.",
	"ita_description":"Gli animali sono feroci, mentre boarmen sono morbidi",
	"ger_description":"Tiere sind wild, während boarmen weich",
	"ind_description":"Hewan yang sengit, sementara boarmen lembut",

	"author":"迷你队长",
	"en_author":"Mini-Captain",
	"tw_author":"迷你隊長",
	"tha_author":"กัปตันมินิ",
	"esn_author":"Minicapitán",
	"ptb_author":"Mini-Capitão",
	"fra_author":"Mini-capitaine",
	"jpn_author":"ミニキャプテン",
	"ara_author":"كابتن صغير",
	"kor_author":"Mini-Captain",
	"vie_author":"Thuyền trưởng nhỏ",
	"rus_author":"Мини-капитан",
	"tur_author":"Mini Kaptan",
	"ita_author":"Mini-capitano",
	"ger_author":"كMini-Kapitän",
	"ind_author":"Kapten-Mini ",
	
	"pack_version": "0.8",
    "api_version":"0.14.0",
	"mod_type":0,
    "restart_required":false,
	"open_edit":false,
    "standalone":false,
    "uuid":"6f028e22-f8b1-11e6-bc64-92361f002671",
	"author_head_iconindex":999,
	"authoruin":1000,
}