{
	"name":"写实材质包",
	"en_name":"Realistic Style ",
	"tw_name":"寫實材質包",
	"tha_name":"สมจริง",
	"esn_name":"Estilo Realista",
	"ptb_name":"Pacote Realístico ",
	"fra_name":"Style réaliste ",
	"jpn_name":"写実風 ",
	"ara_name":"النمط الواقعي",
	"kor_name":"진짜 스타일",
	"vie_name":"Phong cách thực tế",
	"rus_name":"реалистический ",
	"tur_name":"Gerçekçi Tarzı ",
	"ita_name":"Stile realistico ",
	"ger_name":"Realistisch",
	"ind_name":"Style realistis",
	
	"description":"由迷你世界官方推出的写实风格材质包，欢迎大家使用。",
	"en_description":"Realistic style texture pack released by Mini World Team.",
	"tw_description":"由迷你世界官方推出的卡通風格材質包，歡迎大家使用。",
	"tha_description":"แพ็ควัสดุรูปแบบสมจริง สร้างโดยมินิเวิลด์อย่างเป็นทางการ ยินดีต้อนรับในการใช้งาน",
	"esn_description":"Paquete de texturas de estilo realista publicado por el equipo de Mini World.",
	"ptb_description":"Pacote de texturas realísticas liberado pela equipe Mini World.",
	"fra_description":"Pack de textures réalistes proposé par MiniWorld",
	"jpn_description":"Mini World チームが展開した写実風の材料パッケージ",
	"ara_description":"نرحب بكم لاستخدام النمط الواقعي الذي تم اطلاقه من قبل لعبة العالم المصغر",
	"kor_description":"진짜 스타일 좀 작은 세계 팀 발표한 무늬",
	"vie_description":"Gói chất liệu theo phong cách thực tế được tạo bởi nhà phát hành game Mini World",
	"rus_description":"Реалистичный пакет текстурных стилей, выпущенный командой Mini World Team",
	"tur_description":"Mini World ekibi tarafından sunulan gerçekçi tarzı doku paketi",
	"ita_description":"Pacchetto texture di stile realistico rilasciato da Mini World Team",
	"ger_description":"Realistisches Style-Textur-Paket, veröffentlicht von Mini World Team",
	"ind_description":"Tekstur realistis yang dirilis oleh Tim Mini World.",
	
	"author":"迷你队长",
	"en_author":"Mini-Captain",
	"tw_author":"迷你隊長",
	"tha_author":"กัปตันมินิ",
	"esn_author":"Minicapitán",
	"ptb_author":"Mini-Capitão",
	"fra_author":"Mini-capitaine",
	"jpn_author":"ミニキャプテン",
	"ara_author":"كابتن صغير",
	"kor_author":"Mini-Captain",
	"vie_author":"Thuyền trưởng nhỏ",
	"rus_author":"Мини-капитан",
	"tur_author":"Mini Kaptan",
	"ita_author":"Mini-capitano",
	"ger_author":"كMini-Kapitän",
	"ind_author":"Kapten-Mini ",
	
    "pack_version":"1.5", 
    "api_version":"0.16.0",
	"mod_type":1,
    "restart_required":false,
	"open_edit":false,
    "standalone":false,
	"encrypted":true,
    "uuid":"aef3f5e6-48be-4631-b20f-d386bc333f99",
	"author_head_iconindex":999,
	"authoruin":1000,
}