{
	"name":"野人来了(规则)",
	"en_name":"Savages are coming(Rules)",
	"tw_name":"野人來了(規則)",
	"tha_name":"คนป่ามาแล้ว(กติกา)",
	"esn_name":"Vienen Los Salvajes",
	"ptb_name":"Javali está chegando (Regras)",
	"fra_name":"Boarman arrive (Règles)",
	"jpn_name":"野人が来る（ルール）",
	"ara_name":"新增待译0810",
	"kor_name":"야인이 온다 (규칙)",
	"vie_name":"Dã nhân đến rồi! (Quy tắc)",
	"rus_name":"Boarman приходит (Правила)",
	"tur_name":"Vahşi geliyor (kural)",
	"ita_name":"Boarman è in arrivo (Regole)",
	"ger_name":"Boarman kommt (Regeln)",
	"ind_name":"Boarman akan datang (Aturan)",

	"description":"加载到地图中，使其带有《野人来了！》的规则。",
	"en_description":"Loaded in game in order to add ‘boarmen are coming’ rules.",
	"tw_description":"加載到地圖中，使其帶有《野人來了！ 》的規則。",
	"tha_description":"โหลดเข้าไปในแมพเพื่อให้แมพมีกติกา《คนป่ามาแล้ว》",
	"esn_description":"Carga el problema adicional y aplica sus reglas al mapa",
	"ptb_description":"Carregado no jogo, a fim de adicionar regras de ‘javalis estão chegando’.",
	"fra_description":"Chargé dans le jeu afin d'ajouter des règles « boarmen sont à venir ».",
	"jpn_description":"マップにロードして、「野人が来る！」のルールに応じさせる。",
	"ara_description":"新增待译0810",
	"kor_description":"지도에로드하여 ‘야인이 온다!’규칙에 따라하게한다.",
	"vie_description":"Tải về Map, sử dụng cho quy tắc của ‘ Dã nhân đến rồi",
	"rus_description":"Загруженный в игре для того, чтобы добавить «boarmen которые идут» правила.",
	"tur_description":"Oyunda ‘Vahşi geliyor’ kurallarını eklemek için yüklendi.",
	"ita_description":"Loaded in gioco al fine di aggiungere ‘boarmen stanno arrivando’ regole.",
	"ger_description":"Geladen in Spiel um „boarmen kommen“ Regeln hinzuzufügen.",
	"ind_description":"Dimuat dalam permainan untuk menambahkan ‘boarmen datang’ aturan.",

	"author":"迷你队长",
	"en_author":"Mini-Captain",
	"tw_author":"迷你隊長",
	"tha_author":"กัปตันมินิ",
	"esn_author":"Minicapitán",
	"ptb_author":"Mini-Capitão",
	"fra_author":"Mini-capitaine",
	"jpn_author":"ミニキャプテン",
	"ara_author":"كابتن صغير",
	"kor_author":"Mini-Captain",
	"vie_author":"Thuyền trưởng nhỏ",
	"rus_author":"Мини-капитан",
	"tur_author":"Mini Kaptan",
	"ita_author":"Mini-capitano",
	"ger_author":"كMini-Kapitän",
	"ind_author":"Kapten-Mini ",
	
    "pack_version":"0.9",
    "api_version":"0.17.0",
	"mod_type":0,
    "restart_required":false,
	"open_edit":false,
    "standalone":false,
    "uuid":"11cef4c3-5465-479b-b43f-9d38c3a5762b",
	"author_head_iconindex":999,
	"authoruin":1000,
}