<?xml version="1.0" encoding="utf-8" standalone="yes" ?>
<Ui>
	<Script file="ui/mobile/mvc/developer/toolObjLib/ToolObjLibModel.lua"/>
	<Script file="ui/mobile/mvc/developer/toolObjLib/ToolObjLibView.lua"/>
	<Script file="ui/mobile/mvc/developer/toolObjLib/ToolObjLibCtrl.lua"/>

	##tab按钮模板
	<Button name="ToolObjLib_TabBtnTemplate" inherits="TemplateTabBtn3" virtual="true" abs_x="128" abs_y="46">
		<Scripts>
			<OnClick>GetInst("UIManager"):GetCtrl("ToolObjLib"):TopTabBtnClick();</OnClick>
		</Scripts>
	</Button>

	##条目模板
	<Button name="ToolObjLib_ItemTemplate" abs_x="415" abs_y="75" virtual="true">
		<Layers>
			<Layer level="overlay" >
				<Texture name="$parentIconBkg" inherits="TemplateBigBkg15" abs_x="62" abs_y="62">
					<Anchors>
						<Anchor point="left" relativePoint="left" relativeTo="$parent" >
							<Offset>
								<AbsDimension x="7" y="0" />
							</Offset>
						</Anchor>
					</Anchors>
				</Texture>
				<Texture name="$parentIcon" abs_x="54" abs_y="54">
					<Anchors>
						<Anchor point="center" relativePoint="center" relativeTo="$parentIconBkg" />
					</Anchors>
				</Texture>
				<FontString name="$parentName" fonttype="BlackFont18" text="区域1" abs_x="300" abs_y="18">
					<Color r="61" g="69" b="70" />
					<Anchors>
						<Anchor point="left" relativePoint="left" relativeTo="$parent" >
							<Offset>
								<AbsDimension x="75" y="0" />
							</Offset>
						</Anchor>
					</Anchors>
				</FontString>
				<Texture name="$parentChecked" inherits="TemplateBigBkg13" hidden="true" abs_x="425" abs_y="85">
					<Anchors>
						<Anchor point="center" relativePoint="center" relativeTo="$parent" />
					</Anchors>
				</Texture>
			</Layer>
		</Layers>
		<Frames>
			##设置按钮
			<Button name="$parentSet" hidden="false" abs_x="80" abs_y="75">
				<Anchors>
					<Anchor point="right" relativePoint="right" relativeTo="$parent" >
						<Offset>
							<AbsDimension x="-5" y="0" />
						</Offset>
					</Anchor>
				</Anchors>
				<Layers>
					<Layer level="overlay" >
						<Texture name="$parentBkg" file="ui/mobile/texture2/common.xml" uvname="img_board_set.png" abs_x="44" abs_y="70">
							<Anchors>
								<Anchor point="right" relativeTo="$parent" relativePoint="right" />
							</Anchors>
						</Texture>
						<Texture name="$parentIcon" file="ui/mobile/texture2/common_icon.xml" uvname="icon_set.png" abs_x="29" abs_y="27">
							<Anchors>
								<Anchor point="center" relativeTo="$parentBkg" relativePoint="center" />
							</Anchors>
						</Texture>
					</Layer>
				</Layers>
				<Scripts>
					<OnClick>GetInst("UIManager"):GetCtrl("ToolObjLib"):ItemSetBtnClick();</OnClick>
				</Scripts>
			</Button>

			##确定按钮
			<Button name="$parentOk" inherits="TemplateBtn7" abs_x="80" abs_y="50" hidden="true">
				<Anchors>
					<Anchor point="right" relativePoint="right" relativeTo="$parent" >
						<Offset>
							<AbsDimension x="-15" y="0" />
						</Offset>
					</Anchor>
				</Anchors>
				<Layers>
					<Layer level="overlay" >
						<FontString name="$parentName" fonttype="BlackFont" text="$969" justifyH="center" abs_x="60" abs_y="16">
							<Color r="61" g="69" b="70" />
							<Anchors>
								<Anchor point="center" relativePoint="center" relativeTo="$parent" />
							</Anchors>
						</FontString>
					</Layer>
				</Layers>
				<Scripts>
					<OnClick>GetInst("UIManager"):GetCtrl("ToolObjLib"):ItemOkBtnClick();</OnClick>
				</Scripts>
			</Button>
		</Frames>
		<NormalTexture name="$parentNormal" inherits="TemplateBigBkg6" />
		<Scripts>
			<OnClick>GetInst("UIManager"):GetCtrl("ToolObjLib"):ItemClick();</OnClick>
		</Scripts>
	</Button>

	<Button name="ToolObjLib_ItemTemplate_DisplayboardShow" abs_x="515" abs_y="75" virtual="true">
		<Layers>
			<Layer level="overlay" >
				<Texture name="$parentIconBkg" inherits="TemplateBigBkg15" abs_x="62" abs_y="62">
					<Anchors>
						<Anchor point="left" relativePoint="left" relativeTo="$parent" >
							<Offset>
								<AbsDimension x="7" y="0" />
							</Offset>
						</Anchor>
					</Anchors>
				</Texture>
				<Texture name="$parentIcon" abs_x="54" abs_y="54">
					<Anchors>
						<Anchor point="center" relativePoint="center" relativeTo="$parentIconBkg" />
					</Anchors>
				</Texture>
				<FontString name="$parentName" fonttype="BlackFont18" text="区域1" abs_x="300" abs_y="18">
					<Color r="61" g="69" b="70" />
					<Anchors>
						<Anchor point="left" relativePoint="left" relativeTo="$parent" >
							<Offset>
								<AbsDimension x="75" y="0" />
							</Offset>
						</Anchor>
					</Anchors>
				</FontString>
				<Texture name="$parentChecked" inherits="TemplateBigBkg13" hidden="true" abs_x="525" abs_y="85">
					<Anchors>
						<Anchor point="center" relativePoint="center" relativeTo="$parent" />
					</Anchors>
				</Texture>
			</Layer>
		</Layers>
		<Frames>
			##设置按钮
			<Button name="$parentSet" hidden="false" abs_x="80" abs_y="75">
				<Anchors>
					<Anchor point="right" relativePoint="right" relativeTo="$parent" >
						<Offset>
							<AbsDimension x="-5" y="0" />
						</Offset>
					</Anchor>
				</Anchors>
				<Layers>
					<Layer level="overlay" >
						<Texture name="$parentBkg" file="ui/mobile/texture2/common.xml" uvname="img_board_set.png" abs_x="44" abs_y="70">
							<Anchors>
								<Anchor point="right" relativeTo="$parent" relativePoint="right" />
							</Anchors>
						</Texture>
						<Texture name="$parentIcon" file="ui/mobile/texture2/common_icon.xml" uvname="icon_set.png" abs_x="29" abs_y="27">
							<Anchors>
								<Anchor point="center" relativeTo="$parentBkg" relativePoint="center" />
							</Anchors>
						</Texture>
					</Layer>
				</Layers>
				<Scripts>
					<OnClick>GetInst("UIManager"):GetCtrl("ToolObjLib"):ItemSetBtnClick();</OnClick>
				</Scripts>
			</Button>

			##确定按钮
			<Button name="$parentOk" inherits="TemplateBtn7" abs_x="80" abs_y="50" hidden="true">
				<Anchors>
					<Anchor point="right" relativePoint="right" relativeTo="$parent" >
						<Offset>
							<AbsDimension x="-15" y="0" />
						</Offset>
					</Anchor>
				</Anchors>
				<Layers>
					<Layer level="overlay" >
						<FontString name="$parentName" fonttype="BlackFont" text="$969" justifyH="center" abs_x="60" abs_y="16">
							<Color r="61" g="69" b="70" />
							<Anchors>
								<Anchor point="center" relativePoint="center" relativeTo="$parent" />
							</Anchors>
						</FontString>
					</Layer>
				</Layers>
				<Scripts>
					<OnClick>GetInst("UIManager"):GetCtrl("ToolObjLib"):ItemOkBtnClick();</OnClick>
				</Scripts>
			</Button>
		</Frames>
		<NormalTexture name="$parentNormal" inherits="TemplateBigBkg6" />
		<Scripts>
			<OnClick>GetInst("UIManager"):GetCtrl("ToolObjLib"):ItemClick();</OnClick>
		</Scripts>
	</Button>

	##条目列表模板
	<ListViewFrame name="List_Template" slideplane="$parentPlane" slidingY="true" abs_x="536" abs_y="485" virtual="true">
		<Anchors>
			<Anchor point="top" relativePoint="bottom" relativeTo="$parentTop" >
				<Offset>
					<AbsDimension x="0" y="0"/>
				</Offset>
			</Anchor>
		</Anchors>
		<Frames>
			<Frame name="$parentPlane" hidden="true" abs_x="536" abs_y="495" />
			##动态创建, 如"$parentItem1", ...

		</Frames>
	</ListViewFrame>

    ##工具对象库
	<Frame name="ToolObjLib" parent="UIClient" frameStrata="MEDIUM" framelevel="5"  hidden="true" input_transparent="true" >
		<Layers>
			<Layer level="BACKGROUND">
				
			</Layer>
		</Layers>
		<Frames>
			<Frame name="$parentBody" abs_x="536" abs_y="690">
				<Anchors>
					<Anchor point="right" relativePoint="right" relativeTo="$parent" />
				</Anchors>
				<Layers>
					<Layer level="BACKGROUND" >
						<Texture name="$parentBkg" inherits="TemplateBigBkg2" color="88FFFFFF"/>
						<Texture name="$parentBkgBottom" inherits="TemplateBigBkg2" rel_x="1.0" abs_y="74">
							<Anchors>
								<Anchor point="bottom" relativePoint="bottom" relativeTo="$parent" />
							</Anchors>	
						</Texture>
						<FontString name="$parentEmptyText" fonttype="BlackFont24" text="$14533" justifyH="center">
							<Color r="76" g="76" b="76"/>
							<Size>
								<AbsDimension x="240" y="24"/>
							</Size>
							<Anchors>
								<Anchor point="center" relativePoint="center" relativeTo="$parent">
									<Offset>
										<AbsDimension x="0" y="0"/>
									</Offset>
								</Anchor>
							</Anchors>
						</FontString>
					</Layer>
				</Layers>
				<Frames>
					##标题栏
					<Frame name="$parentTitleFrame" inherits="TemplateTopTitleBkg1" abs_x="536" abs_y="61">
						<Anchors>
							<Anchor point="top" relativeTo="$parentBkg" relativePoint="top" />
						</Anchors>
					</Frame>
					##关闭按钮
					<Button name="$parentCloseBtn" inherits="TemplateCloseBtn0">
						<Anchors>
							<Anchor point="topright" relativeTo="$parent" relativePoint="topright">
								<Offset>
									<AbsDimension x="-11" y="6"/>
								</Offset>
							</Anchor>
						</Anchors>
						<Scripts>
							<OnClick>GetInst("UIManager"):GetCtrl("ToolObjLib"):CloseBtnClick();</OnClick>
						</Scripts>
					</Button>

					##顶部tab按钮
					<Frame name="$parentTop" abs_x="536" abs_y="53">
						<Anchors>
							<Anchor point="top" relativePoint="bottom" relativeTo="$parentTitleFrame" />
						</Anchors>
						<Frames>
							<Button name="$parentBtn1" inherits="ToolObjLib_TabBtnTemplate" id="1" />
							<Button name="$parentBtn2" inherits="ToolObjLib_TabBtnTemplate" id="2" />
							<Button name="$parentBtn3" inherits="ToolObjLib_TabBtnTemplate" id="3" />
							<Button name="$parentBtn4" inherits="ToolObjLib_TabBtnTemplate" id="4" />
						</Frames>
					</Frame>

					##条目列表
					<ListViewFrame name="$parentList1" inherits="List_Template" hidden="true">
					</ListViewFrame>
					<ListViewFrame name="$parentList2" inherits="List_Template" hidden="true">
					</ListViewFrame>
					<ListViewFrame name="$parentList3" inherits="List_Template" hidden="true">
					</ListViewFrame>
					##显示板列表
					<ListViewFrame name="$parentList4" inherits="List_Template" hidden="true">
					</ListViewFrame>

					##底部按钮
					##选择:去掉
					<Button name="$parentSelectBtn" inherits="TemplateBtn2" hidden="true">
						<Anchors>
							<Anchor point="bottomleft" relativePoint="bottomleft" relativeTo="$parent" >
								<Offset>
									<AbsDimension x="15" y="-6" />
								</Offset>
							</Anchor>
						</Anchors>
						<Layers>
							<Layer level="overlay" >
								<Texture name="$parentIcon" file="ui/mobile/texture2/common_icon.xml" uvname="icon_select" abs_x="15" abs_y="22">
									<Anchors>
										<Anchor point="left" relativeTo="$parent" relativePoint="left" >
											<Offset>
												<AbsDimension x="46" y="0" />
											</Offset>
										</Anchor>
									</Anchors>
								</Texture>
								<FontString name="$parentName" fonttype="BlackFont20" justifyH="left" text="选择" abs_x="150" abs_y="20">
									<Color r="55" g="54" b="49"/>
									<Anchors>
										<Anchor point="left" relativePoint="left" relativeTo="$parent">
											<Offset>
												<AbsDimension x="88" y="0" />
											</Offset>
										</Anchor>
									</Anchors>
								</FontString>
							</Layer>
						</Layers>
						<Scripts>
							<OnClick>GetInst("UIManager"):GetCtrl("ToolObjLib"):SelectBtnClick();</OnClick>
						</Scripts>
					</Button>
					##创建
					<Button name="$parentCreateBtn" inherits="TemplateBtn3">
						<Anchors>
							<Anchor point="bottom" relativePoint="bottom" relativeTo="$parent" >
								<Offset>
									<AbsDimension x="" y="-6" />
								</Offset>
							</Anchor>
						</Anchors>
						<Layers>
							<Layer level="overlay" >
								<Texture name="$parentIcon" file="ui/mobile/texture2/common_icon.xml" uvname="icon_add" abs_x="22" abs_y="22">
									<Anchors>
										<Anchor point="left" relativeTo="$parent" relativePoint="left" >
											<Offset>
												<AbsDimension x="46" y="0" />
											</Offset>
										</Anchor>
									</Anchors>
								</Texture>
								<FontString name="$parentName" fonttype="BlackFont20" justifyH="left" text="$14518" abs_x="150" abs_y="20">
									<Color r="55" g="54" b="51" />
									<Anchors>
										<Anchor point="left" relativePoint="left" relativeTo="$parent">
											<Offset>
												<AbsDimension x="88" y="0" />
											</Offset>
										</Anchor>
									</Anchors>
								</FontString>
							</Layer>
						</Layers>
						<Scripts>
							<OnClick>GetInst("UIManager"):GetCtrl("ToolObjLib"):CreateBtnClick();</OnClick>
						</Scripts>
					</Button>

					##设置按钮弹出菜单
					<Frame name="$parentHandle" abs_x="436" abs_y="620" frameStrata="HIGH" hidden="true">
						<Anchors>
							<Anchor point="topright" relativeTo="$parent" relativePoint="topright">
								<Offset>
									<AbsDimension x="-50" y="60"/>
								</Offset>
							</Anchor>
						</Anchors>
						<Frames>
							<Frame name="$parentBody" abs_x="230" abs_y="180">
								<Anchors>
									<Anchor point="center" relativePoint="center" relativeTo="$parent" />
								</Anchors>
								<Layers>
									<Layer level="overlay">
										<Texture name="$parentBkg" inherits="TemplateBigBkg19" />
										<Texture name="$parentLeftArrow" file="ui/mobile/texture2/messagebox.xml" uvname="board_tips_arrow.png" abs_x="10" abs_y="17">
											<Anchors>
												<Anchor point="left" relativePoint="right" relativeTo="$parentBkg" />
											</Anchors>
										</Texture>
									</Layer>
								</Layers>

								<Frames>
									##改名
									<Button name="$parentModifyName" hidden="false" abs_x="230" abs_y="60">
										<Anchors>
											<Anchor point="top" relativePoint="top" relativeTo="$parent" />
										</Anchors>
										<Layers>
											<Layer level="overlay">
												<Texture name="$parentBkg" inherits="TemplateBkg11" hidden="true"/>
												<Texture name="$parentIcon" file="ui/mobile/texture2/common_icon.xml" uvname="icon_input_white" abs_x="34" abs_y="32">
													<Anchors>
														<Anchor point="left" relativeTo="$parent" relativePoint="left">
															<Offset>
																<AbsDimension x="19" y="0"/>
															</Offset>
														</Anchor>
													</Anchors>
												</Texture>
												<FontString name="$parentName" fonttype="BlackFont20" text="$14525" autorect="true" abs_x="180" abs_y="20">
													<Color r="255" g="255" b="255"/>
													<Anchors>
														<Anchor point="center" relativePoint="center" relativeTo="$parent">
															<Offset>
																<AbsDimension x="8" y="0"/>
															</Offset>
														</Anchor>
													</Anchors>
												</FontString>
											</Layer>
										</Layers>
										<Scripts>
											<OnClick>GetInst("UIManager"):GetCtrl("ToolObjLib"):MenuItemClick(1);</OnClick>
										</Scripts>
									</Button>
									##删除
									<Button name="$parentDelete" hidden="false" abs_x="230" abs_y="60">
										<Anchors>
											<Anchor point="top" relativePoint="top" relativeTo="$parent" >
												<Offset>
													<AbsDimension x="0" y="60"/>
												</Offset>
											</Anchor>
										</Anchors>
										<Layers>
											<Layer level="overlay">
												<Texture name="$parentBkg" inherits="TemplateBkg11" hidden="true"/>
												<Texture name="$parentIcon" file="ui/mobile/texture2/common_icon.xml" uvname="icon_delete_white" abs_x="34" abs_y="32">
													<Anchors>
														<Anchor point="left" relativeTo="$parent" relativePoint="left">
															<Offset>
																<AbsDimension x="19" y="0"/>
															</Offset>
														</Anchor>
													</Anchors>
												</Texture>
												<FontString name="$parentName" fonttype="BlackFont20" text="$14527" autorect="true" abs_x="180" abs_y="20">
													<Color r="255" g="255" b="255"/>
													<Anchors>
														<Anchor point="center" relativePoint="center" relativeTo="$parent">
															<Offset>
																<AbsDimension x="8" y="0"/>
															</Offset>
														</Anchor>
													</Anchors>
												</FontString>
											</Layer>
										</Layers>
										<Scripts>
											<OnClick>GetInst("UIManager"):GetCtrl("ToolObjLib"):MenuItemClick(2);</OnClick>
										</Scripts>
									</Button>
									##重摆
									<Button name="$parentReplace" hidden="false" abs_x="230" abs_y="60">
										<Anchors>
											<Anchor point="top" relativePoint="top" relativeTo="$parent" >
												<Offset>
													<AbsDimension x="0" y="120"/>
												</Offset>
											</Anchor>
										</Anchors>
										<Layers>
											<Layer level="overlay">
												<Texture name="$parentBkg" inherits="TemplateBkg11" hidden="true"/>
												<Texture name="$parentIcon" file="ui/mobile/texture2/common_icon.xml" uvname="icon_return_white" abs_x="30" abs_y="30">
													<Anchors>
														<Anchor point="left" relativeTo="$parent" relativePoint="left">
															<Offset>
																<AbsDimension x="19" y="0"/>
															</Offset>
														</Anchor>
													</Anchors>
												</Texture>
												<FontString name="$parentName" fonttype="BlackFont20" text="$14526" autorect="true" abs_x="180" abs_y="20">
													<Color r="255" g="255" b="255"/>
													<Anchors>
														<Anchor point="center" relativePoint="center" relativeTo="$parent">
															<Offset>
																<AbsDimension x="8" y="0"/>
															</Offset>
														</Anchor>
													</Anchors>
												</FontString>
											</Layer>
										</Layers>
										<Scripts>
											<OnClick>GetInst("UIManager"):GetCtrl("ToolObjLib"):MenuItemClick(3);</OnClick>
										</Scripts>
									</Button>
								</Frames>
							</Frame>
						</Frames>
						<Scripts>
							<OnClick>GetInst("UIManager"):GetCtrl("ToolObjLib"):CloseHandleFrame();</OnClick>
						</Scripts>
					</Frame>
				</Frames>
			</Frame>

			##改名输入框
			<Frame name="$parentNameInput" hidden="true" >
				<Layers>
					<Layer level="BACKGROUND">
						<Texture name="$parentBkg" file="ui/white.png" stretchedge="true" color="6c000000" />
					</Layer>
				</Layers>
				<Frames>
					<Frame name="$parentContent" abs_x="489" abs_y="223">
						<Anchors>
							<Anchor point="center" relativePoint="center" relativeTo="$parent" />
						</Anchors>
						<Layers>
							<Layer level="BACKGROUND">
								<Texture name="$parentBkg" inherits="TemplateBigBkg2" />
								<Texture name="$parentChenDi" inherits="TemplateBigBkg5" abs_x="461" abs_y="130">
									<Anchors>
										<Anchor point="top" relativePoint="top" relativeTo="$parent">
											<Offset>
												<AbsDimension x="0" y="15"/>
											</Offset>
										</Anchor>
									</Anchors>
								</Texture>
								<Texture name="$parentNameEditBkg" inherits="TemplateBkg8" abs_x="336" abs_y="40">
									<Anchors>
										<Anchor point="top" relativePoint="top" relativeTo="$parentChenDi">
											<Offset>
												<AbsDimension x="0" y="25"/>
											</Offset>
										</Anchor>
									</Anchors>
								</Texture>
							</Layer>
						</Layers>
						<Frames>
							<SafeEditBox name="$parentEdit" letters="21" multiLine="false" editMethod="527" abs_x="300" abs_y="30">
								<Anchors>
									<Anchor point="center" relativeTo="$parentNameEditBkg" relativePoint="center" />
								</Anchors>
								<FontString name="$parentFont" fonttype="BlackFont24" justifyH="center">
									<Color r="254" g="255" b="254"/>
								</FontString>
								<FontString name="$parentDefault" default="true" fonttype="BlackFont24" text="$123" textcolor="ffb9b9b9"/>
								<!-- <Scripts>
									<OnEnterPressed platform="pc">NickModifyNameEdit_OnEnterPressed();</OnEnterPressed>
								</Scripts> -->
							</SafeEditBox>
							##确定
							<Button name="$parentOkBtn" inherits="TemplateBtnMini_OKBtn">
								<Anchors>
									<Anchor point="bottomleft" relativeTo="$parent" relativePoint="bottomleft">
										<Offset>
											<AbsDimension x="25" y="-16"/>
										</Offset>
									</Anchor>
								</Anchors>
								<Scripts>
									<OnClick>GetInst("UIManager"):GetCtrl("ToolObjLib"):NameInput_OkBtnClick();</OnClick>
								</Scripts>
							</Button>
							##取消
							<Button name="$parentCancelBtn" inherits="TemplateBtnMini_CancelBtn">
								<Anchors>
									<Anchor point="bottomright" relativeTo="$parent" relativePoint="bottomright">
										<Offset>
											<AbsDimension x="-25" y="-16"/>
										</Offset>
									</Anchor>
								</Anchors>
								<Scripts>
									<OnClick>GetInst("UIManager"):GetCtrl("ToolObjLib"):NameInput_CancelBtnClick();</OnClick>
								</Scripts>
							</Button>
						</Frames>
					</Frame>
				</Frames>
			</Frame>
		</Frames>
	</Frame>
</Ui>
