{
	"PhysicsActor": [
	],
	"avatarInfo": [
	],
	"foreign_ids": [
	],
	"mod_desc": {
		"author": "965232583",
		"filename": "1620761821",
		"uuid": "667f325c-1ff1-11e7-93ae-92361f002671",
		"version": "1" 
	},
	"property": {
		"TextureID": 0,
		"attack": 1,
		"attack_distance": 1,
		"bag_num": 5,
		"buff_id": 0,
		"copyid": 4000,
		"desc": "送我回家",
		"desc_display": true,
		"dialogue": "",
		"drop_exp": 0,
		"drop_exp_prob": 0,
		"drop_item1": 0,
		"drop_item2": 0,
		"drop_item3": 0,
		"drop_item_prob1": 0,
		"drop_item_prob2": 0,
		"drop_item_prob3": 0,
		"dshop_display": false,
		"food": 100,
		"food_reduce": 0,
		"height": 180,
		"hit_height": 220,
		"hit_thickness": 120,
		"hit_width": 120,
		"icon": "8",
		"id": 2,
		"level_exp": 0,
		"life": 1200,
		"model": "p8",
		"model_scale": 1,
		"model_type": 10008,
		"multilangdesc": "{\"originalID\":0,\"textList\":{\"0\":\"送我回家\"}}",
		"multilangname": "{\"originalID\":0,\"textList\":{\"0\":\"妮妮\"}}",
		"name": "妮妮",
		"name_display": true,
		"speed": 300,
		"team_id": 1,
		"type": 0,
		"view_distance": 16,
		"width": 60 
	},
	"set_ai": [
		{
			"name": "follow_direction",
			"priority": 1,
			"speed": 1.1 
		},
		{
			"name": "move_towards_restriction",
			"priority": 4,
			"speed": 1 
		},
		{
			"name": "wander",
			"priority": 5,
			"speed": 1 
		},
		{
			"name": "look_idle",
			"priority": 7 
		},
		{
			"name": "swimming",
			"priority": 1 
		},
		{
			"dist": 800,
			"name": "watch_closest",
			"priority": 7 
		} 
	] 
} 
