{
	"PhysicsActor": [
	],
	"avatarInfo": [
	],
	"foreign_ids": [
	],
	"mod_desc": {
		"author": "965232583",
		"filename": "1620814219",
		"uuid": "667f325c-1ff1-11e7-93ae-92361f002671",
		"version": "1" 
	},
	"property": {
		"Effect": "",
		"TextureID": 0,
		"attack": 5,
		"attack_distance": 3,
		"attack_type": 0,
		"bag_num": 5,
		"buff_id": 0,
		"copyid": 3101,
		"desc": "此路是我开，留下买路财~！",
		"desc_display": true,
		"dialogue": "@10836",
		"drop_exp": 0,
		"drop_exp_prob": 0,
		"drop_item1": 0,
		"drop_item2": 0,
		"drop_item3": 0,
		"drop_item_prob1": 0,
		"drop_item_prob2": 0,
		"drop_item_prob3": 0,
		"dshop_display": false,
		"food": 100,
		"food_reduce": 0,
		"height": 180,
		"hit_height": 220,
		"hit_thickness": 110,
		"hit_width": 110,
		"icon": "3101",
		"id": 3,
		"level_exp": 0,
		"life": 100,
		"model": "100026",
		"model_scale": 1,
		"model_type": 0,
		"multilangdesc": "{\"originalID\":0,\"textList\":{\"0\":\"此路是我开，留下买路财~！\"}}",
		"multilangname": "{\"originalID\":0,\"textList\":{\"0\":\"野人\"}}",
		"name": "野人",
		"name_display": true,
		"speed": 200,
		"team_id": 0,
		"type": 0,
		"view_distance": 24,
		"width": 80 
	},
	"set_ai": [
		{
			"dist": 3000,
			"monster_id": 3407,
			"name": "ride",
			"priority": 0 
		},
		{
			"name": "follow_direction",
			"priority": 1,
			"speed": 1.1 
		},
		{
			"name": "break_door",
			"priority": 1 
		},
		{
			"name": "move_towards_restriction",
			"priority": 4,
			"speed": 1 
		},
		{
			"name": "look_idle",
			"priority": 7 
		},
		{
			"name": "swimming",
			"priority": 1 
		},
		{
			"name": "avoid_water" 
		},
		{
			"name": "can_pass_closed_wooden_doors" 
		},
		{
			"attack_type": 0,
			"move_speed": 1,
			"name": "attack",
			"priority": 2,
			"will_trace": false 
		},
		{
			"brightness": 0,
			"chance": 0,
			"check_sight": true,
			"minhp": 0,
			"name": "target_nearest",
			"priority": 2 
		},
		{
			"maxhp": 0.0001,
			"name": "panic",
			"priority": 1,
			"speed": 3.25 
		},
		{
			"dist": 800,
			"name": "watch_closest",
			"priority": 7 
		} 
	] 
} 
