{
	"name":"进击巨兽",
	"en_name":"Giant Animal",
	"tw_name":"進擊巨獸",
	"tha_name":"สัตว์ยักษ์",
	"esn_name":"Monstruos Gigantes",
	"ptb_name":"Monstro atacando",
	"fra_name":"attaque Monster",
	"jpn_name":"巨人への攻撃",
	"ara_name":"新增待译0810",
	"kor_name":"거인의 공격",
	"vie_name":"Tấn công quái vật khổng lồ",
	"rus_name":"Монстр атакующей",
	"tur_name":"Canavar saldırıyor",
	"ita_name":"mostro attaccante",
	"ger_name":"Monster angreifende",
	"ind_name":"rakasa menyerang",

	"description":"欢迎来到巨型生物世界！",
	"en_description":"Welcome to the Giant World!",
	"tw_description":"歡迎來到巨型生物世界！",
	"tha_description":"ยินดีต้อนรับสู่โลกของสัตว์ยักษ์!",
	"esn_description":"¡Te damos la bienvenida al mundo de los monstruos gigantes!",
	"ptb_description":"Bem vindo ao mundo gigante!",
	"fra_description":"Bienvenue sur le géant du monde!",
	"jpn_description":"巨大生物の世界へようこそ！",
	"ara_description":"新增待译0810",
	"kor_description":"거대한 생물의 세계에 오신 것을 환영합니다!",
	"vie_description":"Chào mừng đến với thế giới của những sinh vật khổng lồ!",
	"rus_description":"Добро пожаловать в гигантском мире!",
	"tur_description":"Dev Dünyaya Hoşgeldiniz!",
	"ita_description":"Benvenuti nel mondo gigante!",
	"ger_description":"Willkommen auf der Riesen-Welt!",
	"ind_description":"Selamat Datang di Giant Dunia!",

	"author":"迷你队长",
	"en_author":"Mini-Captain",
	"tw_author":"迷你隊長",
	"tha_author":"กัปตันมินิ",
	"esn_author":"Minicapitán",
	"ptb_author":"Mini-Capitão",
	"fra_author":"Mini-capitaine",
	"jpn_author":"ミニキャプテン",
	"ara_author":"كابتن صغير",
	"kor_author":"Mini-Captain",
	"vie_author":"Thuyền trưởng nhỏ",
	"rus_author":"Мини-капитан",
	"tur_author":"Mini Kaptan",
	"ita_author":"Mini-capitano",
	"ger_author":"كMini-Kapitän",
	"ind_author":"Kapten-Mini ",
	
    "pack_version":"0.6", 
    "api_version":"0.14.0",
	"mod_type":0,
    "restart_required":false,
	"open_edit":true,
    "standalone":false,
    "uuid":"679f77c8-f422-11e6-bc64-92361f002671",
	"author_head_iconindex":999,
	"authoruin":1000,
}