{
	"PhysicsActor": [
	],
	"avatarInfo": [
	],
	"foreign_ids": [
	],
	"mod_desc": {
		"author": "965232583",
		"filename": "Wood transducer",
		"uuid": "667f325c-1ff1-11e7-93ae-92361f002671",
		"version": "1" 
	},
	"property": {
		"id": 117,
		"is_followme": true,
		"material_count1": 1,
		"material_count2": 1,
		"material_count3": 1,
		"material_count4": 0,
		"material_count5": 0,
		"material_count6": 0,
		"material_count7": 0,
		"material_count8": 0,
		"material_count9": 0,
		"material_id1": 206,
		"material_id2": 715,
		"material_id3": 415,
		"material_id4": 0,
		"material_id5": 0,
		"material_id6": 0,
		"material_id7": 0,
		"material_id8": 0,
		"material_id9": 0,
		"result_count": 1,
		"result_id": 711,
		"type": 3 
	} 
} 
