{
	"actorid_allocated": 4,
	"actorids": [
		{
			"file_name": "9652325832b96d66d-509b-475b-96fe-7fc131bc2b901621397482",
			"id": 4 
		},
		{
			"file_name": "9652325832b96d66d-509b-475b-96fe-7fc131bc2b901621397579",
			"id": 5 
		},
		{
			"file_name": "965232583667f325c-1ff1-11e7-93ae-92361f0026711620761821",
			"id": 2 
		},
		{
			"file_name": "965232583667f325c-1ff1-11e7-93ae-92361f0026711620814219",
			"id": 3 
		} 
	],
	"biomeid_allocated": 0,
	"biomeids": [
	],
	"blockid_allocated": 1,
	"blockids": [
		{
			"file_name": "965232583667f325c-1ff1-11e7-93ae-92361f0026711621512707",
			"id": 2001 
		} 
	],
	"craftingid_allocated": 0,
	"craftingids": [
	],
	"furnaceid_allocated": 0,
	"furnaceids": [
	],
	"itemid_allocated": 4,
	"itemids": [
		{
			"file_name": "9652325832b96d66d-509b-475b-96fe-7fc131bc2b901620761821",
			"id": 4097 
		},
		{
			"file_name": "9652325832b96d66d-509b-475b-96fe-7fc131bc2b901620814219",
			"id": 4098 
		},
		{
			"file_name": "9652325832b96d66d-509b-475b-96fe-7fc131bc2b901621397482",
			"id": 4099 
		},
		{
			"file_name": "9652325832b96d66d-509b-475b-96fe-7fc131bc2b901621397579",
			"id": 4100 
		} 
	],
	"npcplotid_allocated": 0,
	"npcplotids": [
	],
	"npctaskid_allocated": 0,
	"npctaskids": [
	],
	"statusid_allocated": 0,
	"statusids": [
	] 
} 
