{
	"foreign_ids": [
	],
	"item_property": {
		"copyid": 112,
		"desc": "受到虚空幻影的影响，地质结构剧烈变化，该矿石已经不复存在了。",
		"describe": "受到虚空幻影的影响，地质结构剧烈变化，该矿石已经不复存在了。",
		"fullycustommodel": "9652325831621512626",
		"icon": "fullycustomblock",
		"id": 2001,
		"model": "9652325831621512626",
		"model_type": 6,
		"multilangdesc": "{\"originalID\":0,\"textList\":{\"0\":\"受到虚空幻影的影响，地质结构剧烈变化，该矿石已经不复存在了。\"}}",
		"multilangname": "{\"originalID\":0,\"textList\":{\"0\":\"路标\"}}",
		"name": "路标",
		"orignid": 100004 
	},
	"mod_desc": {
		"author": "965232583",
		"filename": "1621512707",
		"uuid": "667f325c-1ff1-11e7-93ae-92361f002671",
		"version": "1" 
	},
	"property": {
		"anti_explode": -1,
		"breakable": false,
		"burn_speed": 0,
		"catch_fire": 0,
		"copyid": 112,
		"english_name": "1621512707",
		"fullycustommodel": "9652325831621512626",
		"hardness": -1,
		"id": 2001,
		"light_src": 0,
		"move_collide": 0,
		"slipperiness": 1,
		"tool_mine_drop1": 0 
	} 
} 
