{
	"foreign_ids": [
	],
	"item_property": {
		"desc": "用果木板制作的装饰方块。",
		"describe": "用果木板制作的装饰方块。",
		"icon": "",
		"id": 418,
		"model": "",
		"multilangdesc": "{\"originalID\":0,\"textList\":{\"0\":\"用果木板制作的装饰方块。\"}}",
		"multilangname": "{\"originalID\":0,\"textList\":{\"0\":\"果木地板\"}}",
		"name": "果木地板",
		"orignid": 418 
	},
	"mod_desc": {
		"author": "965232583",
		"filename": "FruitwoodFloor",
		"uuid": "2b96d66d-509b-475b-96fe-7fc131bc2b90",
		"version": "1" 
	},
	"property": {
		"anti_explode": -1,
		"breakable": false,
		"burn_speed": 2,
		"catch_fire": 20,
		"english_name": "FruitwoodFloor",
		"hardness": -1,
		"id": 418,
		"light_src": 0,
		"move_collide": 1,
		"slipperiness": 1,
		"tool_mine_drop1": 418 
	} 
} 
