{
	"foreign_ids": [
	],
	"item_property": {
		"desc": "由果木制作的基础建筑材料，在木制建筑中被广泛使用；#r还可以用于制作储物箱、床等木制家具。",
		"describe": "由果木制作的基础建筑材料，在木制建筑中被广泛使用；#r还可以用于制作储物箱、床等木制家具。",
		"icon": "",
		"id": 206,
		"model": "",
		"multilangdesc": "{\"originalID\":0,\"textList\":{\"0\":\"由果木制作的基础建筑材料，在木制建筑中被广泛使用；#r还可以用于制作储物箱、床等木制家具。\"}}",
		"multilangname": "{\"originalID\":0,\"textList\":{\"0\":\"果木板\"}}",
		"name": "果木板",
		"orignid": 206 
	},
	"mod_desc": {
		"author": "965232583",
		"filename": "FruitwoodBoard",
		"uuid": "2b96d66d-509b-475b-96fe-7fc131bc2b90",
		"version": "1" 
	},
	"property": {
		"anti_explode": -1,
		"breakable": false,
		"burn_speed": 2,
		"catch_fire": 20,
		"english_name": "FruitwoodBoard",
		"hardness": -1,
		"id": 206,
		"light_src": 0,
		"move_collide": 1,
		"slipperiness": 1,
		"tool_mine_drop1": 206 
	} 
} 
