{
	"foreign_ids": [
	],
	"item_property": {
		"desc": "使用#c0aba1d斧类工具#n可快速开采。#r在背包中或使用创造锤可制成木板和小木棍；也可以作为燃料。",
		"describe": "使用#c0aba1d斧类工具#n可快速开采。#r在背包中或使用创造锤可制成木板和小木棍；也可以作为燃料。",
		"icon": "",
		"id": 201,
		"model": "",
		"multilangdesc": "{\"originalID\":0,\"textList\":{\"0\":\"使用#c0aba1d斧类工具#n可快速开采。#r在背包中或使用创造锤可制成木板和小木棍；也可以作为燃料。\"}}",
		"multilangname": "{\"originalID\":0,\"textList\":{\"0\":\"落叶松木\"}}",
		"name": "落叶松木",
		"orignid": 201 
	},
	"mod_desc": {
		"author": "965232583",
		"filename": "Larch",
		"uuid": "2b96d66d-509b-475b-96fe-7fc131bc2b90",
		"version": "1" 
	},
	"property": {
		"anti_explode": -1,
		"breakable": false,
		"burn_speed": 1,
		"catch_fire": 5,
		"english_name": "Larch",
		"hardness": -1,
		"id": 201,
		"light_src": 0,
		"move_collide": 1,
		"slipperiness": 1,
		"tool_mine_drop1": 201 
	} 
} 
