{
	"foreign_ids": [
	],
	"item_property": {
		"desc": "长满苔藓的石块，用镐类工具可以快速开采。",
		"describe": "长满苔藓的石块，用镐类工具可以快速开采。",
		"icon": "",
		"id": 105,
		"model": "",
		"multilangdesc": "{\"originalID\":0,\"textList\":{\"0\":\"长满苔藓的石块，用镐类工具可以快速开采。\"}}",
		"multilangname": "{\"originalID\":0,\"textList\":{\"0\":\"青石\"}}",
		"name": "青石",
		"orignid": 105 
	},
	"mod_desc": {
		"author": "965232583",
		"filename": "MossStone",
		"uuid": "2b96d66d-509b-475b-96fe-7fc131bc2b90",
		"version": "1" 
	},
	"property": {
		"anti_explode": -1,
		"breakable": false,
		"burn_speed": 0,
		"catch_fire": 0,
		"english_name": "MossStone",
		"hardness": -1,
		"id": 105,
		"light_src": 0,
		"move_collide": 1,
		"slipperiness": 1,
		"tool_mine_drop1": 105 
	} 
} 
